,Unnamed: 0.1_x,Unnamed: 0_x,Dates,Monero (XMR),Unnamed: 0.1_y,Unnamed: 0_y,Bitcoin,Ethereum
0,0,0,1/2/2020,0.02951740689,0,0,0.03330750652,0.00439646246
1,1,1,1/3/2020,0.04159763025,1,1,0.03907485791,0.005830829556
2,2,2,1/4/2020,0.04043612727,2,2,0.03970299161,0.005949652866
3,3,3,1/5/2020,0.04774151769,3,3,0.03962327921,0.00613213152
4,4,4,1/6/2020,0.05939524647,4,4,0.04645287802,0.008084228752
5,5,5,1/7/2020,0.05829148283,5,5,0.05279097018,0.007905993787
6,6,6,1/8/2020,0.0605635593,6,6,0.05083116117,0.007322486463
7,7,7,1/9/2020,0.05894295286,7,7,0.04713681039,0.006709273311
8,8,8,1/10/2020,0.05835291262,8,8,0.05282014492,0.008196686527
9,9,9,1/11/2020,0.05789957328,9,9,0.05045380268,0.00775322096
10,10,10,1/12/2020,0.06007307561,10,10,0.05273947597,0.008595593353
11,11,11,1/13/2020,0.05681414966,11,11,0.05177160804,0.007939943304
12,12,12,1/14/2020,0.06776262578,12,12,0.06322165626,0.01266104802
13,13,13,1/15/2020,0.08009536429,13,13,0.0630000558,0.0127735058
14,14,14,1/16/2020,0.07426566217,14,14,0.0615006656,0.01227275042
15,15,15,1/17/2020,0.08130957407,15,15,0.06444460387,0.01347371459
16,16,16,1/18/2020,0.07735589624,16,16,0.06460243442,0.01450068748
17,17,17,1/19/2020,0.07307159193,17,17,0.06122597668,0.01287111066
18,18,18,1/20/2020,0.07260336958,18,18,0.05998230385,0.01285625774
19,19,19,1/21/2020,0.07477164252,19,19,0.06161656742,0.01338884079
20,20,20,1/22/2020,0.07260354608,20,20,0.06052944975,0.01307268592
21,21,21,1/23/2020,0.06706782358,21,21,0.05624682147,0.01194810816
22,22,22,1/24/2020,0.06538211934,22,22,0.05691720273,0.01192688971
23,23,23,1/25/2020,0.06474994834,23,23,0.05531578066,0.01146432754
24,24,24,1/26/2020,0.0701868688,24,24,0.05959139425,0.01299842135
25,25,25,1/27/2020,0.07374205507,25,25,0.06438928347,0.01351190779
26,26,26,1/28/2020,0.07910877502,26,26,0.07233740664,0.01478501468
27,27,27,1/29/2020,0.08362668364,27,27,0.07068130186,0.01428213746
28,28,28,1/30/2020,0.09450609402,28,28,0.07406844106,0.01664799443
29,29,29,1/31/2020,0.08841250485,29,29,0.07138851025,0.01562738708
30,30,30,2/1/2020,0.09110189611,30,30,0.07214848825,0.01646339393
31,31,31,2/2/2020,0.09477234566,31,31,0.07120549059,0.01746278284
32,32,32,2/3/2020,0.09883225748,32,32,0.0706750843,0.01773650082
33,33,33,2/4/2020,0.09508877869,33,33,0.06866792612,0.01743095517
34,34,34,2/5/2020,0.1013623833,34,34,0.07583391125,0.0207749826
35,35,35,2/6/2020,0.102053027,35,35,0.07821236977,0.02267403371
36,36,36,2/7/2020,0.1048541372,36,36,0.07893025962,0.02485316834
37,37,37,2/8/2020,0.107614796,37,37,0.08048624563,0.02488499601
38,38,38,2/9/2020,0.1228940229,38,38,0.08468166854,0.02603715775
39,39,39,2/10/2020,0.1165433954,39,39,0.07962758368,0.02477466008
40,40,40,2/11/2020,0.127702462,40,40,0.08629504747,0.02798501129
41,41,41,2/12/2020,0.138339251,41,41,0.08758798256,0.0340174161
42,42,42,2/13/2020,0.1331844466,42,42,0.08575938016,0.03444390691
43,43,43,2/14/2020,0.1397446722,43,43,0.08791002065,0.03823139991
44,44,44,2/15/2020,0.1260832075,44,44,0.08057504524,0.03370126122
45,45,45,2/16/2020,0.1235333261,45,45,0.08073112211,0.03233903685
46,46,46,2/17/2020,0.1116602457,46,46,0.07720783413,0.03436115496
47,47,47,2/18/2020,0.1203180161,47,47,0.08498776415,0.0374972416
48,48,48,2/19/2020,0.1013077822,48,48,0.07561486158,0.03254697764
49,49,49,2/20/2020,0.09823723531,49,49,0.07597850954,0.03222657908
50,50,50,2/21/2020,0.1068947676,50,50,0.077213414,0.03388798357
51,51,51,2/22/2020,0.1040618508,51,51,0.07670134156,0.03309844511
52,52,52,2/23/2020,0.1181876691,52,52,0.08144853369,0.03588463954
53,53,53,2/24/2020,0.1043818803,53,53,0.07657013495,0.03396436998
54,54,54,2/25/2020,0.09843852192,54,54,0.07091039529,0.03009624688
55,55,55,2/26/2020,0.08536170671,55,55,0.06251349132,0.02517356691
56,56,56,2/27/2020,0.08423843344,56,56,0.06305872412,0.0257889019
57,57,57,2/28/2020,0.08095676137,57,57,0.06140708324,0.02573373394
58,58,58,2/29/2020,0.07516132962,58,58,0.05897888419,0.02386226681
59,59,59,3/1/2020,0.07189407445,59,59,0.05843285426,0.02378375855
60,60,60,3/2/2020,0.08154101655,60,60,0.0646929877,0.02673312285
61,61,61,3/3/2020,0.07495543905,61,61,0.06218746762,0.02492743291
62,62,62,3/4/2020,0.07459705597,62,62,0.06223242541,0.02501442854
63,63,63,3/5/2020,0.0808175039,63,63,0.06701947374,0.02597138056
64,64,64,3/6/2020,0.08256665408,64,64,0.0683720337,0.02941725654
65,65,65,3/7/2020,0.07467269002,65,65,0.0644756917,0.02793620886
66,66,66,3/8/2020,0.0542232418,66,66,0.05064032969,0.01971193835
67,67,67,3/9/2020,0.05243581612,67,67,0.04906170537,0.0202211811
68,68,68,3/10/2020,0.05049787228,68,68,0.04827016126,0.01995807235
69,69,69,3/11/2020,0.04916387238,69,69,0.04911798232,0.01878257032
70,70,70,3/12/2020,0.0,70,70,0.0,0.0
71,71,71,3/13/2020,0.01107092006,71,71,0.01244310528,0.005779905281
72,72,72,3/14/2020,0.008922022328,72,72,0.004912675068,0.003411926465
73,73,73,3/15/2020,0.01287985742,73,73,0.007740711513,0.00365169493
74,74,74,3/16/2020,0.004214153745,74,74,0.002660799834,0.001003632598
75,75,75,3/17/2020,0.009411223523,75,75,0.007566619636,0.002121844817
76,76,76,3/18/2020,0.01121900224,76,76,0.00887262756,0.002654427866
77,77,77,3/19/2020,0.01965536837,77,77,0.02120110641,0.006490723294
78,78,78,3/20/2020,0.01801191178,78,78,0.02143482316,0.005767174212
79,79,79,3/21/2020,0.0203518111,79,79,0.02138970594,0.005521040213
80,80,80,3/22/2020,0.01332681416,80,80,0.01558664339,0.003464972586
81,81,81,3/23/2020,0.02764098151,81,81,0.02617787024,0.006420702416
82,82,82,3/24/2020,0.03388123748,82,82,0.03044296179,0.006982991292
83,83,83,3/25/2020,0.0334658182,83,83,0.02922097074,0.006401605812
84,84,84,3/26/2020,0.04051922442,84,84,0.03033455293,0.006982991292
85,85,85,3/27/2020,0.0345518164,85,85,0.02415700154,0.005406460593
86,86,86,3/28/2020,0.03341306212,86,86,0.02223529506,0.005359780007
87,87,87,3/29/2020,0.02640090387,87,87,0.01665909399,0.004014530393
88,88,88,3/30/2020,0.0320815784,88,88,0.02469968354,0.005565598954
89,89,89,3/31/2020,0.03460105497,89,89,0.02532574471,0.00572685916
90,90,90,4/1/2020,0.03650983862,90,90,0.02882001738,0.006380387364
91,91,91,4/2/2020,0.04139788337,91,91,0.03105626898,0.007519818031
92,92,92,4/3/2020,0.04627305158,92,92,0.03004982025,0.007496477738
93,93,93,4/4/2020,0.04900955104,93,93,0.03216666268,0.008145762252
94,94,94,4/5/2020,0.04682103778,94,94,0.03088680042,0.007787170477
95,95,95,4/6/2020,0.05967451685,95,95,0.0396084527,0.01371772674
96,96,96,4/7/2020,0.05283963985,96,96,0.03750500195,0.01249342228
97,97,97,4/8/2020,0.05719722254,97,97,0.04006361049,0.01427365008
98,98,98,4/9/2020,0.05837717663,98,98,0.03883811209,0.01360739081
99,99,99,4/10/2020,0.04803491739,99,99,0.03212106719,0.01103571489
100,100,100,4/11/2020,0.04832996998,100,100,0.03240388678,0.01113119791
101,101,101,4/12/2020,0.04792340184,101,101,0.0326985038,0.01145796201
102,102,102,4/13/2020,0.046605868,102,102,0.03195048266,0.01072168186
103,103,103,4/14/2020,0.04883832448,103,103,0.03220811313,0.01100813091
104,104,104,4/15/2020,0.04665130172,104,104,0.02817068019,0.009998132777
105,105,105,4/16/2020,0.05510019564,105,105,0.03596113223,0.01405085638
106,106,106,4/17/2020,0.05334608927,106,106,0.03474105428,0.01374955441
107,107,107,4/18/2020,0.05762994472,107,107,0.03821779021,0.01726545127
108,108,108,4/19/2020,0.05542088294,108,108,0.03624698089,0.0158035002
109,109,109,4/20/2020,0.05027259541,109,109,0.03158348678,0.01366680246
110,110,110,4/21/2020,0.05118273449,110,110,0.03183043579,0.01378774762
111,111,111,4/22/2020,0.05526984332,111,111,0.03634470829,0.01634244878
112,112,112,4/23/2020,0.06037774684,112,112,0.04169516385,0.01678591435
113,113,113,4/24/2020,0.06347114832,113,113,0.04227260046,0.01731849739
114,114,114,4/25/2020,0.06313128825,114,114,0.0428245291,0.01876135187
115,115,115,4/26/2020,0.06499327865,115,115,0.04519613235,0.019402149
116,116,116,4/27/2020,0.06721005109,116,116,0.04668962384,0.01924301064
117,117,117,4/28/2020,0.06672835768,117,117,0.04625391587,0.01942336745
118,118,118,4/29/2020,0.07586390767,118,118,0.06254091239,0.02321934783
119,119,119,4/30/2020,0.06700586474,119,119,0.06005819005,0.021248154
120,120,120,5/1/2020,0.06940582461,120,120,0.0633286303,0.02249155506
121,121,121,5/2/2020,0.0719654516,121,121,0.06580896127,0.02294987354
122,122,122,5/3/2020,0.06721134166,122,122,0.06454137472,0.02209901377
123,123,123,5/4/2020,0.0643302858,123,123,0.06419127787,0.02138183022
124,124,124,5/5/2020,0.06257394992,124,124,0.06587910818,0.02107840641
125,125,125,5/6/2020,0.05714755257,125,125,0.06855282142,0.01976922816
126,126,126,5/7/2020,0.07207811116,126,126,0.08199057799,0.02256157594
127,127,127,5/8/2020,0.06941711123,127,127,0.07896150688,0.02238546282
128,128,128,5/9/2020,0.06839155688,128,128,0.07495755315,0.02216266911
129,129,129,5/10/2020,0.05912360283,129,129,0.06193270679,0.01737366536
130,130,130,5/11/2020,0.06049875695,130,130,0.05969342612,0.016968393
131,131,131,5/12/2020,0.06537297694,131,131,0.06279981826,0.0176834547
132,132,132,5/13/2020,0.07304095128,132,132,0.07111844465,0.01992836652
133,133,133,5/14/2020,0.07351894556,133,133,0.07878805271,0.02065828114
134,134,134,5/15/2020,0.06779894681,134,134,0.07102374632,0.0187486208
135,135,135,5/16/2020,0.07366221408,135,135,0.07215661892,0.02003870245
136,136,136,5/17/2020,0.07310986043,136,136,0.0766700943,0.02142214527
137,137,137,5/18/2020,0.07706752949,137,137,0.07766251365,0.02307294054
138,138,138,5/19/2020,0.07668896306,138,138,0.07842854979,0.0230474784
139,139,139,5/20/2020,0.07206024222,139,139,0.0742744179,0.02203960211
140,140,140,5/21/2020,0.0653392463,140,140,0.06698408143,0.01965464854
141,141,141,5/22/2020,0.0682864011,141,141,0.06873982671,0.02143063265
142,142,142,5/23/2020,0.06947912974,142,142,0.06888506269,0.02136909915
143,143,143,5/24/2020,0.06334648221,143,143,0.06149492631,0.02025937431
144,144,144,5/25/2020,0.06514439999,144,144,0.0644428502,0.02082590688
145,145,145,5/26/2020,0.06607686542,145,145,0.06356776749,0.02011933255
146,146,146,5/27/2020,0.07186477438,146,146,0.06937258372,0.02161098946
147,147,147,5/28/2020,0.07766191391,147,147,0.07499597452,0.02405323284
148,148,148,5/29/2020,0.07528318555,148,148,0.07285569665,0.02427602655
149,149,149,5/30/2020,0.08040986192,149,149,0.07703437996,0.02910958904
150,150,150,5/31/2020,0.07282148963,150,150,0.07316753155,0.02661854323
151,151,151,6/1/2020,0.07892022646,151,151,0.08534009294,0.0301068561
152,152,152,6/2/2020,0.07658645076,152,152,0.07437724689,0.02792772148
153,153,153,6/3/2020,0.07773875222,153,153,0.07650030689,0.02938967256
154,154,154,6/4/2020,0.07974114932,154,154,0.07861125061,0.02908837059
155,155,155,6/5/2020,0.07817916119,155,155,0.07601198874,0.02842211132
156,156,156,6/6/2020,0.07884459709,156,156,0.07658209181,0.02883374921
157,157,157,6/7/2020,0.07618474419,157,157,0.07791153518,0.02934299197
158,158,158,6/8/2020,0.08019078986,158,158,0.07853695865,0.02987557502
159,159,159,6/9/2020,0.07978189764,159,159,0.0782248049,0.0292687274
160,160,160,6/10/2020,0.08335820343,160,160,0.08034148791,0.03011958717
161,161,161,6/11/2020,0.06988154505,161,161,0.07032323377,0.0263236068
162,162,162,6/12/2020,0.07443251072,162,162,0.07328598417,0.02788952827
163,163,163,6/13/2020,0.07642134894,163,163,0.07362077624,0.02802532634
164,164,164,6/14/2020,0.07374309885,164,164,0.07136411826,0.02657610633
165,165,165,6/15/2020,0.07185673795,165,165,0.07286924775,0.02649971992
166,166,166,6/16/2020,0.07504036511,166,166,0.07443782832,0.02741423503
167,167,167,6/17/2020,0.07304432703,167,167,0.07334194227,0.02707898355
168,168,168,6/18/2020,0.07258485637,168,168,0.07213828507,0.02651457283
169,169,169,6/19/2020,0.07091879438,169,169,0.07050242724,0.02600745192
170,170,170,6/20/2020,0.07091193283,170,170,0.07171947613,0.02603715775
171,171,171,6/21/2020,0.07169614513,171,171,0.07060987955,0.02582709511
172,172,172,6/22/2020,0.07544098729,172,172,0.07716271692,0.02909473613
173,173,173,6/23/2020,0.0769718187,173,173,0.075989191,0.02906078661
174,174,174,6/24/2020,0.07254511424,174,174,0.07041697555,0.02723387822
175,175,175,6/25/2020,0.07133511104,175,175,0.06995033918,0.02677768159
176,176,176,6/26/2020,0.07062857129,176,176,0.06851918279,0.02616659028
177,177,177,6/27/2020,0.0663448658,177,177,0.06608811408,0.02429087946
178,178,178,6/28/2020,0.06918259542,178,178,0.06802560362,0.02517993244
179,179,179,6/29/2020,0.07107885236,179,179,0.06898868881,0.02582709511
180,180,180,6/30/2020,0.0696277769,180,180,0.06821946417,0.02537938585
181,181,181,7/1/2020,0.0719191043,181,181,0.06987365585,0.02651032914
182,182,182,7/2/2020,0.07346927056,182,182,0.06750731361,0.02554488975
183,183,183,7/3/2020,0.06777190693,183,183,0.06706634463,0.02524783147
184,184,184,7/4/2020,0.07110661811,184,184,0.06818805749,0.02615173737
185,185,185,7/5/2020,0.06920565421,185,185,0.06721971128,0.02579738928
186,186,186,7/6/2020,0.0728419543,186,186,0.07151923859,0.02877433756
187,187,187,7/7/2020,0.07210230835,187,187,0.07009653171,0.02819719577
188,188,188,7/8/2020,0.07572113936,188,188,0.07298754095,0.02990103716
189,189,189,7/9/2020,0.07797092081,189,189,0.0698315677,0.0288379929
190,190,190,7/10/2020,0.07796660548,190,190,0.07066838845,0.02866824532
191,191,191,7/11/2020,0.08113967636,191,191,0.06979792907,0.02823751082
192,192,192,7/12/2020,0.08236567164,192,192,0.07071286797,0.02900986233
193,193,193,7/13/2020,0.08219548473,193,193,0.06991112068,0.02829480063
194,194,194,7/14/2020,0.08036433124,194,194,0.07014435915,0.02850486327
195,195,195,7/15/2020,0.08527063681,195,195,0.06907972037,0.02805927586
196,196,196,7/16/2020,0.07881545255,196,196,0.06812237447,0.02701532821
197,197,197,7/17/2020,0.0787377873,197,197,0.06848155854,0.02686467722
198,198,198,7/18/2020,0.08051067436,198,198,0.06885158349,0.02752244912
199,199,199,7/19/2020,0.0816450686,199,199,0.06947158652,0.02824175451
200,200,200,7/20/2020,0.08255142932,200,200,0.06865867948,0.02758610446
201,201,201,7/21/2020,0.08335773118,201,201,0.072310145,0.02966126869
202,202,202,7/22/2020,0.08751010964,202,202,0.07459310807,0.03356546316
203,203,203,7/23/2020,0.09082055802,203,203,0.07582466461,0.03590373614
204,204,204,7/24/2020,0.08771586294,204,204,0.07471745941,0.03681188573
205,205,205,7/25/2020,0.09212960945,205,205,0.07714709329,0.04220773709
206,206,206,7/26/2020,0.1021273151,206,206,0.0810499717,0.04344689447
207,207,207,7/27/2020,0.1029268407,207,207,0.09825190712,0.04579365484
208,208,208,7/28/2020,0.1092626714,208,208,0.09671983484,0.04480275331
209,209,209,7/29/2020,0.1043003202,209,209,0.09950817451,0.04492582031
210,210,210,7/30/2020,0.1084131691,210,210,0.09983977808,0.04849688513
211,211,211,7/31/2020,0.1163601741,211,211,0.1033933568,0.05098156541
212,212,212,8/1/2020,0.1276264973,212,212,0.110846466,0.05968961654
213,213,213,8/2/2020,0.1170789166,213,213,0.09902511738,0.05646653426
214,214,214,8/3/2020,0.126305427,214,214,0.1019569394,0.05943923885
215,215,215,8/4/2020,0.1223383754,215,215,0.101073726,0.06020310299
216,216,216,8/5/2020,0.1292367699,216,216,0.1099967318,0.06257320365
217,217,217,8/6/2020,0.1405443485,217,217,0.1102693482,0.06136163026
218,218,218,8/7/2020,0.1373389756,218,218,0.1076021714,0.05806640526
219,219,219,8/8/2020,0.1392362191,219,219,0.1102868849,0.06094787052
220,220,220,8/9/2020,0.134793495,220,220,0.1089078604,0.06032829183
221,221,221,8/10/2020,0.1366814267,221,221,0.1119018581,0.06144862589
222,222,222,8/11/2020,0.1220732267,222,222,0.1041330878,0.05788180476
223,223,223,8/12/2020,0.1274266027,223,223,0.1070457788,0.05970022576
224,224,224,8/13/2020,0.1327496702,224,224,0.1105021084,0.06790327783
225,225,225,8/14/2020,0.1317182051,225,225,0.1101689106,0.07032854645
226,226,226,8/15/2020,0.128044678,226,226,0.1116308359,0.06942251871
227,227,227,8/16/2020,0.1309668174,227,227,0.1124040462,0.06951375804
228,228,228,8/17/2020,0.1361559833,228,228,0.1187459646,0.06901088082
229,229,229,8/18/2020,0.1358158516,229,229,0.1130784131,0.06711819524
230,230,230,8/19/2020,0.131196857,230,230,0.1098532495,0.06410729745
231,231,231,8/20/2020,0.1537961274,231,231,0.1117105483,0.06574111796
232,232,232,8/21/2020,0.1333860782,232,232,0.1060190831,0.05982753645
233,233,233,8/22/2020,0.1386701934,233,233,0.1088456848,0.06150379386
234,234,234,8/23/2020,0.1311049055,234,234,0.1082956692,0.0603834598
235,235,235,8/24/2020,0.1365293179,235,235,0.1099504986,0.06405637317
236,236,236,8/25/2020,0.1251271307,236,236,0.1031127691,0.0588260257
237,237,237,8/26/2020,0.1260737468,237,237,0.105317614,0.05941377671
238,238,238,8/27/2020,0.1274522981,238,238,0.1031797275,0.05855018587
239,239,239,8/28/2020,0.1381830629,239,239,0.1064622841,0.06135526472
240,240,240,8/29/2020,0.1343101632,240,240,0.1054945756,0.06206183905
241,241,241,8/30/2020,0.1422728689,241,241,0.1093478729,0.06850375991
242,242,242,8/31/2020,0.135260204,242,242,0.1083753816,0.06955407309
243,243,243,9/1/2020,0.143633347,243,243,0.112756375,0.07839792229
244,244,244,9/2/2020,0.1310495213,244,244,0.1043993272,0.07099268388
245,245,245,9/3/2020,0.1004328399,245,245,0.08620098684,0.05872842084
246,246,246,9/4/2020,0.1109791895,246,246,0.08969876685,0.05997818744
247,247,247,9/5/2020,0.1010668485,247,247,0.0846736973,0.04862419582
248,248,248,9/6/2020,0.1065149552,248,248,0.08610054922,0.05234166794
249,249,249,9/7/2020,0.111940749,249,249,0.08796900782,0.05208704656
250,250,250,9/8/2020,0.1152136064,250,250,0.08399295342,0.04909736721
251,251,251,9/9/2020,0.1158062165,251,251,0.08544053057,0.05189820237
252,252,252,9/10/2020,0.1185825073,252,252,0.08747797945,0.05558596866
253,253,253,9/11/2020,0.1151689988,253,253,0.08811089589,0.05676359254
254,254,254,9/12/2020,0.1210233683,254,254,0.08908816988,0.05977661218
255,255,255,9/13/2020,0.1198276273,255,255,0.08714478163,0.05527193563
256,256,256,9/14/2020,0.1321259747,256,256,0.09269435875,0.05733861248
257,257,257,9/15/2020,0.1308400589,257,257,0.09448469921,0.05476693657
258,258,258,9/16/2020,0.1243501102,258,258,0.09728898136,0.05498548658
259,259,259,9/17/2020,0.1345234956,259,259,0.09703390168,0.06012459473
260,260,260,9/18/2020,0.1338194611,260,260,0.09693665256,0.05910398737
261,261,261,9/19/2020,0.1382134481,261,261,0.09920845589,0.05918673932
262,262,262,9/20/2020,0.1342357531,262,262,0.09667041315,0.05614401385
263,263,263,9/21/2020,0.1264612333,263,263,0.08859714151,0.0496554124
264,264,264,9/22/2020,0.1339681212,264,264,0.09048473109,0.050535978
265,265,265,9/23/2020,0.12200186,265,265,0.08573865493,0.0455220587
266,266,266,9/24/2020,0.1324323925,266,266,0.09378801285,0.05157143827
267,267,267,9/25/2020,0.1347830688,267,267,0.09299886011,0.05220162618
268,268,268,9/26/2020,0.1385248954,268,268,0.09371786594,0.05281271749
269,269,269,9/27/2020,0.1442458506,269,269,0.09426628724,0.05329225442
270,270,270,9/28/2020,0.1396007989,270,270,0.09307857251,0.05258355825
271,271,271,9/29/2020,0.1515310627,271,271,0.09538863779,0.05385454329
272,272,272,9/30/2020,0.1694711218,272,272,0.09441933504,0.05374420736
273,273,273,10/1/2020,0.1579442596,273,273,0.09175375246,0.05233742425
274,274,274,10/2/2020,0.1543110332,274,274,0.09112721302,0.05084152365
275,275,275,10/3/2020,0.1586623878,275,275,0.09078444971,0.05094337221
276,276,276,10/4/2020,0.1627498685,276,276,0.09268957601,0.05228013444
277,277,277,10/5/2020,0.1787922318,277,277,0.09466484922,0.0525623398
278,278,278,10/6/2020,0.1652224695,278,278,0.09165331484,0.049797576
279,279,279,10/7/2020,0.1731590302,279,279,0.09267841627,0.04998854204
280,280,280,10/8/2020,0.175426457,280,280,0.0964392472,0.0519088116
281,281,281,10/9/2020,0.1859519011,281,281,0.09900120366,0.05501307056
282,282,282,10/10/2020,0.1859811842,282,282,0.1027620346,0.05618645075
283,283,283,10/11/2020,0.2080108557,283,283,0.104018302,0.05692697459
284,284,284,10/12/2020,0.2155834395,284,284,0.1064686611,0.05954957478
285,285,285,10/13/2020,0.2125989741,285,285,0.1047867295,0.05832951401
286,286,286,10/14/2020,0.2138905641,286,286,0.104751656,0.05803882127
287,287,287,10/15/2020,0.2176671466,287,287,0.1059058915,0.05756140619
288,288,288,10/16/2020,0.1962786979,288,288,0.103176539,0.05505762931
289,289,289,10/17/2020,0.1951674372,289,289,0.1037967015,0.05570903566
290,290,290,10/18/2020,0.2050755108,290,290,0.1061306805,0.05781814941
291,291,291,10/19/2020,0.2075743654,291,291,0.110055719,0.05798365331
292,292,292,10/20/2020,0.1910871501,292,292,0.1126607201,0.05574510703
293,293,293,10/21/2020,0.19801663,293,293,0.1273373668,0.06072507681
294,294,294,10/22/2020,0.2116620251,294,294,0.1296075759,0.06548225289
295,295,295,10/23/2020,0.2115085082,295,295,0.1288136404,0.06438313727
296,296,296,10/24/2020,0.2157995052,296,296,0.1318634367,0.06504090917
297,297,297,10/25/2020,0.2199416694,297,297,0.1304812237,0.06371475616
298,298,298,10/26/2020,0.2204910396,298,298,0.1311747216,0.06106032829
299,299,299,10/27/2020,0.225620226,299,299,0.1424715626,0.0636171513
300,300,300,10/28/2020,0.2089827576,300,300,0.1343743772,0.05995060345
301,301,301,10/29/2020,0.2047383865,301,301,0.1370957585,0.05973205344
302,302,302,10/30/2020,0.2018789191,302,302,0.1389243609,0.05883451308
303,303,303,10/31/2020,0.2092271056,303,303,0.1426230162,0.0596026209
304,304,304,11/1/2020,0.210481478,304,304,0.1417429913,0.06149106279
305,305,305,11/2/2020,0.1925963976,305,305,0.1387888498,0.0588260257
306,306,306,11/3/2020,0.1973133234,306,306,0.1463312369,0.05988482626
307,307,307,11/4/2020,0.1854983547,307,307,0.1483336123,0.06303788766
308,308,308,11/5/2020,0.1937762575,308,308,0.1713991917,0.06599573934
309,309,309,11/6/2020,0.1935155455,309,309,0.1712668691,0.07438551374
310,310,310,11/7/2020,0.17506239,310,310,0.1590565241,0.06996995468
311,311,311,11/8/2020,0.1954680317,311,311,0.1697204486,0.07402904381
312,312,312,11/9/2020,0.1856041434,312,312,0.1667663072,0.07179261937
313,313,313,11/10/2020,0.1850948138,313,313,0.1667248567,0.07309331025
314,314,314,11/11/2020,0.1799225453,314,314,0.1728834366,0.0759174857
315,315,315,11/12/2020,,315,315,0.182055145,0.07559496529
316,316,316,11/13/2020,0.1819349478,316,316,0.1829670549,0.07880319465
317,317,317,11/14/2020,0.1880500999,317,317,0.1789527385,0.07534034391
318,318,318,11/15/2020,0.1824297438,318,318,0.1773186344,0.07276866799
319,319,319,11/16/2020,0.1916279174,319,319,0.1894907175,0.07546341091
320,320,320,11/17/2020,0.2072718193,320,320,0.2045340412,0.07988109182
321,321,321,11/18/2020,0.2028534798,321,321,0.2070673012,0.07933789954
322,322,322,11/19/2020,0.1913778969,322,322,0.2070115025,0.07763405816
323,323,323,11/20/2020,0.1971241799,323,323,0.2199886808,0.08579467332
324,324,324,11/21/2020,0.2135315286,324,324,0.2209898686,0.09444755648
325,325,325,11/22/2020,0.2032154492,325,325,0.216325099,0.09568671386
326,326,326,11/23/2020,0.2167556661,326,326,0.2158898694,0.1068327647
327,327,327,11/24/2020,0.2282753514,327,327,0.2275342564,0.1054153723
328,328,328,11/25/2020,0.214605774,328,328,0.221796558,0.09865093107
329,329,329,11/26/2020,0.1950321211,329,329,0.1947995632,0.08787408124
330,330,330,11/27/2020,0.18895851,330,330,0.1960414823,0.08762794724
331,331,331,11/28/2020,0.1993973735,331,331,0.2051223187,0.09158943152
332,332,332,11/29/2020,0.2037187402,332,332,0.2125594854,0.09957605541
333,333,333,11/30/2020,0.2177787405,333,333,0.2363775498,0.1076284565
334,334,334,12/1/2020,0.2075517397,334,334,0.2234131254,0.1026527304
335,335,335,12/2/2020,0.2126794693,335,335,0.2287347251,0.1044711514
336,336,336,12/3/2020,0.2243551605,336,336,0.232887741,0.1084771944
337,337,337,12/4/2020,0.2097062318,337,337,0.2213198779,0.09879521651
338,338,338,12/5/2020,0.2249891601,338,338,0.2276394768,0.1039194717
339,339,339,12/6/2020,0.2267491141,339,339,0.2310272537,0.1051352888
340,340,340,12/7/2020,0.2364542592,340,340,0.2286948689,0.1030855867
341,341,341,12/8/2020,0.2298829668,341,341,0.214627225,0.09502894196
342,342,342,12/9/2020,0.2226761611,342,342,0.2184566086,0.09918563596
343,343,343,12/10/2020,0.2252658067,343,343,0.2139783661,0.09631053623
344,344,344,12/11/2020,0.2417445893,344,344,0.2104343529,0.09296863065
345,345,345,12/12/2020,0.2545666199,345,345,0.2224677364,0.09812895724
346,346,346,12/13/2020,0.2657855331,346,346,0.2281592016,0.1027630663
347,347,347,12/14/2020,0.2670625134,347,347,0.229814031,0.1019376687
348,348,348,12/15/2020,0.2629504166,348,348,0.2326868658,0.1025508818
349,349,349,12/16/2020,0.2808510546,349,349,0.2630907685,0.1128460729
350,350,350,12/17/2020,0.2842972288,350,350,0.2864751975,0.1140385497
351,351,351,12/18/2020,0.2719094282,351,351,0.2914795418,0.1163980411
352,352,352,12/19/2020,0.2718645039,352,352,0.3031845103,0.1173231655
353,353,353,12/20/2020,0.2667291801,353,353,0.2976923261,0.1129479214
354,354,354,12/21/2020,0.2516583917,354,354,0.284928777,0.1071383103
355,355,355,12/22/2020,0.2758833123,355,355,0.3024097058,0.1123856326
356,356,356,12/23/2020,0.2629699991,356,356,0.2928187101,0.1014369133
357,357,357,12/24/2020,0.2761659325,357,357,0.3007118317,0.1073971754
358,358,358,12/25/2020,0.2815212339,358,358,0.3163976373,0.1104759722
359,359,359,12/26/2020,0.3010437317,359,359,0.3446477111,0.1124471661
360,360,360,12/27/2020,0.2764496554,360,360,0.3411929757,0.1226489959
361,361,361,12/28/2020,0.2970922157,361,361,0.3536185443,0.132328852
362,362,362,12/29/2020,0.2868635282,362,362,0.359300444,0.1327574647
363,363,363,12/30/2020,0.2826979929,363,363,0.3832619907,0.1373555024
364,364,364,12/31/2020,0.2750292847,364,364,0.3847382643,0.1341706133
365,365,365,1/1/2021,0.2300794133,365,365,0.3910881539,0.1325940826
366,366,366,1/2/2021,0.2464588603,366,366,0.4351149054,0.141995977
367,367,367,1/3/2021,0.2349528286,367,367,0.450041849,0.1855235016
368,368,368,1/4/2021,0.2252717503,368,368,0.433106153,0.1986725739
369,369,369,1/5/2021,0.230654503,369,369,0.4659747631,0.2115033695
370,370,370,1/6/2021,0.244416456,370,370,0.5096475915,0.2329870483
371,371,371,1/7/2021,0.2456363405,371,371,0.5523814079,0.238090085
372,372,372,1/8/2021,0.2440889821,372,372,0.5710388917,0.2358239548
373,373,373,1/9/2021,0.2561496615,373,373,0.5643685582,0.2494207364
374,374,374,1/10/2021,0.338403889,374,374,0.5311141402,0.2455313948
375,375,375,1/11/2021,0.279563824,375,375,0.4882320587,0.2095661252
376,376,376,1/12/2021,0.2801683217,376,376,0.4652318435,0.2003021507
377,377,377,1/13/2021,0.3092524819,377,377,0.5183203004,0.2173554175
378,378,378,1/14/2021,0.2904731771,378,378,0.5464444285,0.2360467485
379,379,379,1/15/2021,0.2774404229,379,379,0.5086113303,0.2253399195
380,380,380,1/16/2021,0.2734162881,380,380,0.4996931073,0.2394459439
381,381,381,1/17/2021,0.2828199393,381,381,0.4936939522,0.2393037803
382,382,382,1/18/2021,0.2766832692,382,382,0.5076547815,0.2445192748
383,383,383,1/19/2021,0.2774276958,383,383,0.4952626922,0.2677662067
384,384,384,1/20/2021,0.2676759195,384,384,0.4884807614,0.2719929215
385,385,385,1/21/2021,0.2181104409,385,385,0.4144662059,0.2143742255
386,386,386,1/22/2021,0.2305229797,386,386,0.4484045564,0.2392380031
387,387,387,1/23/2021,0.2369156428,387,387,0.4345457589,0.2394417002
388,388,388,1/24/2021,0.2350646105,388,388,0.4373245331,0.273162058
389,389,389,1/25/2021,0.2326878929,389,389,0.4371475716,0.2572439782
390,390,390,1/26/2021,0.2345003512,390,390,0.4422475708,0.264753187
391,391,391,1/27/2021,0.207831716,391,391,0.4074993424,0.2408166556
392,392,392,1/28/2021,0.2295203715,392,392,0.4564602913,0.2601487838
393,393,393,1/29/2021,0.2398192597,393,393,0.4676471292,0.2702763491
394,394,394,1/30/2021,0.2382807522,394,394,0.4703732932,0.2701808661
395,395,395,1/31/2021,0.2345201094,395,395,0.4522482882,0.2570593777
396,396,396,2/1/2021,0.2467553176,396,396,0.4571665431,0.269211183
397,397,397,2/2/2021,0.2641776808,397,397,0.4887246813,0.2986942167
398,398,398,2/3/2021,0.2725250504,398,398,0.5212457454,0.3309886948
399,399,399,2/4/2021,0.2574855528,399,399,0.5124407139,0.3166174399
400,400,400,2/5/2021,0.2733570523,400,400,0.5333444931,0.3424487787
401,401,401,2/6/2021,0.2663164453,401,401,0.5485918805,0.3339104751
402,402,402,2/7/2021,0.2625724506,402,402,0.5422722816,0.3203518867
403,403,403,2/8/2021,0.2905002155,403,403,0.6619126193,0.349444501
404,404,404,2/9/2021,0.3046099588,404,404,0.6641684801,0.3533614266
405,405,405,2/10/2021,0.3180578477,405,405,0.6375859897,0.3474881601
406,406,406,2/11/2021,0.350397312,406,406,0.6877713211,0.3568263991
407,407,407,2/12/2021,0.3741332529,407,407,0.6787367179,0.368969717
408,408,408,2/13/2021,0.4641310599,408,408,0.6756853273,0.3632428579
409,409,409,2/14/2021,0.4391845799,409,409,0.6986552519,0.3602171072
410,410,410,2/15/2021,0.4340571448,410,410,0.6867892643,0.3550949738
411,411,411,2/16/2021,0.4204457581,411,411,0.7062773513,0.3558970311
412,412,412,2/17/2021,0.5309315533,412,412,0.7543407386,0.3704550084
413,413,413,2/18/2021,0.5078483613,413,413,0.7452248288,0.3888980835
414,414,414,2/19/2021,0.5543983428,414,414,0.8148902759,0.3934918776
415,415,415,2/20/2021,0.4955963747,415,415,0.8170170027,0.3839202356
416,416,416,2/21/2021,0.4772614521,416,416,0.8390845828,0.3881872655
417,417,417,2/22/2021,0.4258182018,417,417,0.7857219153,0.3549018859
418,418,418,2/23/2021,0.4179317972,418,418,0.7021514376,0.3122803891
419,419,419,2/24/2021,0.3822369714,419,419,0.7155096412,0.322331568
420,420,420,2/25/2021,0.3670128237,420,420,0.6740209325,0.2900370898
421,421,421,2/26/2021,0.3814666873,421,421,0.6610325944,0.2841341176
422,422,422,2/27/2021,0.3935953922,422,422,0.6589473181,0.2878367368
423,423,423,2/28/2021,0.413680794,423,423,0.6441240006,0.279219925
424,424,424,3/1/2021,0.4393850626,424,424,0.7132139242,0.3104258967
425,425,425,3/2/2021,0.4194373048,425,425,0.6959832923,0.2935529867
426,426,426,3/3/2021,0.4152736643,426,426,0.7255597803,0.3119578686
427,427,427,3/4/2021,0.4104912083,427,427,0.6963021419,0.3041600889
428,428,428,3/5/2021,0.3848480221,428,428,0.7018214283,0.3019385174
429,429,429,3/6/2021,0.3822945492,429,429,0.7023092682,0.3277083227
430,430,430,3/7/2021,0.3908164552,430,430,0.7346948211,0.3443435861
431,431,431,3/8/2021,0.418565054,431,431,0.7564244207,0.3667587547
432,432,432,3/9/2021,0.42801704,432,432,0.7980677715,0.3746965762
433,433,433,3/10/2021,0.4167905721,433,433,0.8149110011,0.3590288741
434,434,434,3/11/2021,0.4192208512,434,434,0.8439932723,0.3649424556
435,435,435,3/12/2021,0.4223790859,435,435,0.8356107165,0.3528139906
436,436,436,3/13/2021,0.4578348487,436,436,0.8995815099,0.3858171649
437,437,437,3/14/2021,0.4441286851,437,437,0.869915744,0.3722564547
438,438,438,3/15/2021,0.4204319066,438,438,0.8112617675,0.3566417986
439,439,439,3/16/2021,0.4383405062,439,439,0.8299989637,0.3606605727
440,440,440,3/17/2021,0.4525322969,440,440,0.8620162454,0.3646708594
441,441,441,3/18/2021,0.4345555771,441,441,0.8415684211,0.3544138616
442,442,442,3/19/2021,0.4419739762,442,442,0.8480362851,0.3609724839
443,443,443,3/20/2021,0.4427177421,443,443,0.8492399423,0.3608472951
444,444,444,3/21/2021,0.4429227357,444,444,0.8387019633,0.3564253705
445,445,445,3/22/2021,0.4103938167,445,445,0.7850539254,0.3343136256
446,446,446,3/23/2021,0.4122167304,446,446,0.7927493603,0.3314321604
447,447,447,3/24/2021,0.3957651984,447,447,0.7558313605,0.3131142741
448,448,448,3/25/2021,0.4040658013,448,448,0.7408135447,0.3142430955
449,449,449,3/26/2021,0.4201817854,449,449,0.8005563925,0.3382241856
450,450,450,3/27/2021,0.4192550957,450,450,0.8134331333,0.3411480878
451,451,451,3/28/2021,0.444115204,451,451,0.8118181601,0.3354275942
452,452,452,3/29/2021,0.4480594653,452,452,0.8410614503,0.3627590773
453,453,453,3/30/2021,0.4702830446,453,453,0.8597667615,0.3681549286
454,454,454,3/31/2021,0.475587368,454,454,0.8599835792,0.3835764967
455,455,455,4/1/2021,0.4840431381,455,455,0.8588102128,0.3951490384
456,456,456,4/2/2021,0.4997598256,456,456,0.8628293118,0.4300427764
457,457,457,4/3/2021,0.4986401329,457,457,0.8327904919,0.4038210181
458,458,458,4/4/2021,0.5137844656,458,458,0.85042128,0.4180607187
459,459,459,4/5/2021,0.5174045054,459,459,0.8651330001,0.423129806
460,460,460,4/6/2021,0.5287859785,460,460,0.8474607616,0.4263125732
461,461,461,4/7/2021,0.4996497373,461,461,0.8146383847,0.39600202
462,462,462,4/8/2021,0.5261946049,462,462,0.8475452567,0.4191067882
463,463,463,4/9/2021,0.5350025654,463,463,0.8487058692,0.415868853
464,464,464,4/10/2021,0.5784496975,464,464,0.8755848897,0.430061873
465,465,465,4/11/2021,0.6522649439,465,465,0.8789423759,0.4338005636
466,466,466,4/12/2021,0.6293012411,466,466,0.8772987063,0.4317932984
467,467,467,4/13/2021,0.6552383654,467,467,0.9363193598,0.4655178999
468,468,468,4/14/2021,0.640673964,468,468,0.9209555922,0.4936365874
469,469,469,4/15/2021,0.6910832945,469,469,0.9307203609,0.5113688445
470,470,470,4/16/2021,0.6837470522,470,470,0.9018676615,0.492384699
471,471,471,4/17/2021,0.7340939448,471,471,0.8813640385,0.4707609784
472,472,472,4/18/2021,0.6792377336,472,472,0.8197192529,0.4534912835
473,473,473,4/19/2021,0.7169289724,473,473,0.8100979665,0.4366183735
474,474,474,4/20/2021,0.8206117717,474,474,0.8220883054,0.4715694013
475,475,475,4/21/2021,0.7687628407,475,475,0.7804098811,0.4777630663
476,476,476,4/22/2021,0.7005265489,476,476,0.7468158883,0.4867278607
477,477,477,4/23/2021,0.7147515158,477,477,0.7368438673,0.4793417189
478,478,478,4/24/2021,0.7745047354,478,478,0.7204294904,0.4466950145
479,479,479,4/25/2021,0.7189135522,479,479,0.7046958573,0.4672790311
480,480,480,4/26/2021,0.8222710731,480,480,0.7837338881,0.5151563375
481,481,481,4/27/2021,0.8228643298,481,481,0.8001466708,0.5409728234
482,482,482,4/28/2021,0.8473934186,482,482,0.7977122542,0.561255538
483,483,483,4/29/2021,0.8324818955,483,483,0.776821229,0.5628893585
484,484,484,4/30/2021,0.8641913846,484,484,0.845399399,0.5664031335
485,485,485,5/1/2021,0.8745157767,485,485,0.844968952,0.60320441
486,486,486,5/2/2021,0.8275990981,486,486,0.8253102805,0.6039406902
487,487,487,5/3/2021,0.8422709728,487,487,0.8344357558,0.7061287366
488,488,488,5/4/2021,0.7710659275,488,488,0.7713736837,0.6651240855
489,489,489,5/5/2021,0.8553173714,489,489,0.8395070585,0.7265005687
490,490,490,5/6/2021,0.8668715908,490,490,0.8224310687,0.7195260647
491,491,491,5/7/2021,0.9439025199,491,491,0.8375429451,0.7180131894
492,492,492,5/8/2021,0.9839256202,492,492,0.862502491,0.8087220553
493,493,493,5/9/2021,1.0,493,493,0.8510302827,0.8097532719
494,494,494,5/10/2021,0.906790344,494,494,0.8122326645,0.8154504252
495,495,495,5/11/2021,0.9342615425,495,495,0.8273955568,0.8643801667
496,496,496,5/12/2021,0.7999334036,496,496,0.7116977944,0.7894429733
497,497,497,5/13/2021,0.8223492818,497,497,0.7148177376,0.7683666887
498,498,498,5/14/2021,0.8440027503,498,498,0.7190775681,0.8433102477
499,499,499,5/15/2021,0.7765044237,499,499,0.6686052722,0.7518269084
500,500,500,5/16/2021,0.7965356445,500,500,0.6631051167,0.7383107569
501,501,501,5/17/2021,0.6833740698,501,501,0.617347012,0.6741589007
502,502,502,5/18/2021,0.6852640313,502,502,0.6058142223,0.6940108808
503,503,503,5/19/2021,0.378372498,503,503,0.5114969191,0.4991533839
504,504,504,5/20/2021,0.552931677,504,504,0.5702003173,0.5663161379
505,505,505,5/21/2021,0.4977143239,505,505,0.5178691282,0.4906872231
506,506,506,5/22/2021,0.4435273957,506,506,0.5219408375,0.465515778
507,507,507,5/23/2021,0.4323349498,507,507,0.4764473779,0.4261279727
508,508,508,5/24/2021,0.4952303971,508,508,0.5423854732,0.5400413335
509,509,509,5/25/2021,0.4760451736,509,509,0.5315685008,0.5470922239
510,510,510,5/26/2021,0.5244011998,510,510,0.5489968195,0.5906685509
511,511,511,5/27/2021,0.4843813577,511,511,0.5372567775,0.5595389656
512,512,512,5/28/2021,0.5101115853,512,512,0.4912419989,0.4915104989
513,513,513,5/29/2021,0.4672538138,513,513,0.4744736989,0.4613824243
514,514,514,5/30/2021,0.5090354278,514,514,0.4908577851,0.4842834954
515,515,515,5/31/2021,0.5336507251,515,515,0.5167706913,0.5517836228
516,516,516,6/1/2021,0.5179732346,516,516,0.5074156444,0.5364723906
517,517,517,6/2/2021,0.5805817917,517,517,0.52171286,0.5517284548
518,518,518,6/3/2021,0.6128022617,518,518,0.5482267977,0.5836325135
519,519,519,6/4/2021,0.5660116893,519,519,0.5116850404,0.5480300793
520,520,520,6/5/2021,0.5146899902,520,520,0.489011646,0.5336333622
521,521,521,6/6/2021,0.5322506375,521,521,0.493312927,0.5527151126
522,522,522,6/7/2021,0.481374852,522,522,0.4579668556,0.5275691297
523,523,523,6/8/2021,0.4924296428,523,523,0.4553092442,0.5101275653
524,524,524,6/9/2021,0.5361110337,524,524,0.5183840703,0.53150303
525,525,525,6/10/2021,0.4944237873,525,525,0.5075591267,0.5019202696
526,526,526,6/11/2021,0.4673938916,526,526,0.518015799,0.4772410925
527,527,527,6/12/2021,0.4668940428,527,527,0.488799611,0.4809840268
528,528,528,6/13/2021,0.5070534348,528,528,0.5445648102,0.5097817046
529,529,529,6/14/2021,0.5392975595,529,529,0.5687240437,0.5254960873
530,530,530,6/15/2021,0.5480764571,530,530,0.5641278268,0.5184154912
531,531,531,6/16/2021,0.510452554,531,531,0.5339758153,0.4800398058
532,532,532,6/17/2021,0.5428769331,532,532,0.5298897578,0.4810731442
533,533,533,6/18/2021,0.5154190807,533,533,0.4927916079,0.4505695031
534,534,534,6/19/2021,0.5259334243,534,534,0.4882798862,0.4368072177
535,535,535,6/20/2021,0.5144164656,535,535,0.4906122709,0.4526998353
536,536,536,6/21/2021,0.3799210075,536,536,0.42647727,0.3775992599
537,537,537,6/22/2021,0.3754117584,537,537,0.4413069645,0.3725280508
538,538,538,6/23/2021,0.4135322194,538,538,0.459416027,0.395140551
539,539,539,6/24/2021,0.427554693,539,539,0.4750444397,0.3994839673
540,540,540,6/25/2021,0.3634602262,540,540,0.4262939315,0.363569622
541,541,541,6/26/2021,0.3785134864,541,541,0.4371109039,0.3656108367
542,542,542,6/27/2021,0.3975386947,542,542,0.4759164933,0.398614011
543,543,543,6/28/2021,0.4007132707,543,543,0.4724729177,0.4196372494
544,544,544,6/29/2021,0.409678201,544,544,0.4949677563,0.437117007
545,545,545,6/30/2021,0.4216866169,545,545,0.4816621629,0.4597804315
546,546,546,7/1/2021,0.3864466446,546,546,0.4570294378,0.42649293
547,547,547,7/2/2021,0.3971491975,547,547,0.4615013033,0.4349590908
548,548,548,7/3/2021,0.4051168359,548,548,0.4754844521,0.4500263109
549,549,549,7/4/2021,0.416779648,549,549,0.4855393739,0.4704257269
550,550,550,7/5/2021,0.4042896864,550,550,0.4608524444,0.4440023934
551,551,551,7/6/2021,0.4210665064,551,551,0.4663940503,0.4701477653
552,552,552,7/7/2021,0.4058972531,552,552,0.4626730755,0.4681893025
553,553,553,7/8/2021,0.3840453812,553,553,0.4463415995,0.426671165
554,554,554,7/9/2021,0.4007507042,554,554,0.4618073989,0.4336774966
555,555,555,7/10/2021,0.3936736786,555,555,0.456882767,0.4252049702
556,556,556,7/11/2021,0.3982439929,556,556,0.4687423775,0.4317381304
557,557,557,7/12/2021,0.3869138362,557,557,0.4501199672,0.4086397277
558,558,558,7/13/2021,0.3804021481,558,558,0.4419319097,0.3875082752
559,559,559,7/14/2021,0.3791661305,559,559,0.4457389738,0.4006085451
560,560,560,7/15/2021,0.3646202084,560,560,0.4306302859,0.3844740371
561,561,561,7/16/2021,0.3564651397,561,561,0.4228583272,0.3757574986
562,562,562,7/17/2021,0.3672409032,562,562,0.4259687049,0.3811851776
563,563,563,7/18/2021,0.3710510061,563,563,0.4293485106,0.378827808
564,564,564,7/19/2021,0.3479915379,564,564,0.4142637364,0.363336219
565,565,565,7/20/2021,0.3344407857,565,565,0.3974906537,0.3565484375
566,566,566,7/21/2021,0.3641230603,566,566,0.4348789567,0.4006467383
567,567,567,7/22/2021,0.3666226114,567,567,0.4373532295,0.4067152145
568,568,568,7/23/2021,0.3808087021,568,568,0.4569800161,0.4285405103
569,569,569,7/24/2021,0.3915563926,569,569,0.4686371571,0.4413776714
570,570,570,7/25/2021,0.403248599,570,570,0.4873791361,0.4423282579
571,571,571,7/26/2021,0.4126886102,571,571,0.5166256148,0.4502915415
572,572,572,7/27/2021,0.4302892246,572,572,0.5521135742,0.4642766207
573,573,573,7/28/2021,0.4493778792,573,573,0.560824545,0.4653587615
574,574,574,7/29/2021,0.4644723745,574,574,0.5607990371,0.482634822
575,575,575,7/30/2021,0.4678523055,575,575,0.5943404198,0.5013240312
576,576,576,7/31/2021,0.4602106816,576,576,0.5873225403,0.5164633939
577,577,577,8/1/2021,0.452546095,577,577,0.5581191063,0.5227122269
578,578,578,8/2/2021,0.4444064439,578,578,0.5467058852,0.5308919387
579,579,579,8/3/2021,0.4281981237,579,579,0.5314313955,0.5097138056
580,580,580,8/4/2021,0.4721017466,580,580,0.5559525233,0.5558766614
581,581,581,8/5/2021,0.4890815715,581,581,0.5744330456,0.5769677989
582,582,582,8/6/2021,0.5123491457,582,582,0.606011909,0.5914069529
583,583,583,8/7/2021,0.5304514336,583,583,0.6351882408,0.6498361936
584,584,584,8/8/2021,0.498749668,584,584,0.6202899937,0.6170409601
585,585,585,8/9/2021,0.5266148084,585,585,0.66133869,0.6484888221
586,586,586,8/10/2021,0.5189112127,586,586,0.6493276259,0.6440287043
587,587,587,8/11/2021,0.5244290383,587,587,0.6487999299,0.6487010066
588,588,588,8/12/2021,0.4984577104,588,588,0.6313907422,0.6240600227
589,589,589,8/13/2021,0.5341324386,589,589,0.6852125531,0.6828987795
590,590,590,8/14/2021,0.5305191886,590,590,0.6736733864,0.6711713432
591,591,591,8/15/2021,0.532194807,591,591,0.6726626332,0.6797266215
592,592,592,8/16/2021,0.5222035389,592,592,0.6539222485,0.6457176928
593,593,593,8/17/2021,0.4972783681,593,593,0.6347402572,0.6153434842
594,594,594,8/18/2021,0.4899843062,594,594,0.637388303,0.6203743783
595,595,595,8/19/2021,0.5144436236,595,595,0.668128592,0.6531292967
596,596,596,8/20/2021,0.5544697537,596,596,0.7084726307,0.6748506221
597,597,597,8/21/2021,0.5672476891,597,597,0.7036022033,0.6628006654
598,598,598,8/22/2021,0.6058319666,598,598,0.7082845095,0.6658179287
599,599,599,8/23/2021,0.6340813563,599,599,0.7118221457,0.6826038431
600,600,600,8/24/2021,0.6123180709,600,600,0.6825007373,0.6497576853
601,601,601,8/25/2021,0.624682118,601,601,0.7035448103,0.6625290693
602,602,602,8/26/2021,0.5754761179,602,602,0.6730006138,0.6374658383
603,603,603,8/27/2021,0.6266519333,603,603,0.704982822,0.6706111762
604,604,604,8/28/2021,0.5948357449,604,604,0.7019920128,0.6654911646
605,605,605,8/29/2021,0.5750868088,605,605,0.7024607217,0.6636387941
606,606,606,8/30/2021,0.5533692887,606,606,0.6717618831,0.6626351615
607,607,607,8/31/2021,0.5632774117,607,607,0.6760264964,0.7083354552
608,608,608,9/1/2021,0.6008636088,608,608,0.7011932946,0.7874293426
609,609,609,9/2/2021,0.6001309123,609,609,0.7091406206,0.7823390369
610,610,610,9/3/2021,0.6024018863,610,610,0.7200883213,0.8135089372
611,611,611,9/4/2021,0.6055878534,611,611,0.7190632199,0.8023628864
612,612,612,9/5/2021,0.6276659852,612,612,0.7476130123,0.8159214748
613,613,613,9/6/2021,0.6275238682,613,613,0.7620361735,0.8111388366
614,614,614,9/7/2021,0.5095090259,614,614,0.6701803892,0.7067589245
615,615,615,9/8/2021,0.4981416081,615,615,0.6570916135,0.7162563019
616,616,616,9/9/2021,0.5083803244,616,616,0.6607025851,0.7031454228
617,617,617,9/10/2021,0.4805559699,617,617,0.6376083092,0.6585633413
618,618,618,9/11/2021,0.4826542279,618,618,0.6427162797,0.6706896844
619,619,619,9/12/2021,0.4970625963,619,619,0.6561765151,0.6997122778
620,620,620,9/13/2021,0.5119558557,620,620,0.6400602626,0.6759518596
621,621,621,9/14/2021,0.5247406252,621,621,0.6724872659,0.7034679432
622,622,622,9/15/2021,0.5252380668,622,622,0.6898805111,0.7445638336
623,623,623,9/16/2021,0.5140959282,623,623,0.6846402181,0.7346951333
624,624,624,9/17/2021,0.5111177448,624,624,0.6756088034,0.6983309569
625,625,625,9/18/2021,0.5317545093,625,625,0.6912117082,0.7051229821
626,626,626,9/19/2021,0.5050077448,626,626,0.6759420013,0.6825783809
627,627,627,9/20/2021,0.4434117654,627,627,0.6082980606,0.6092283275
628,628,628,9/21/2021,0.4100371058,628,628,0.5711536775,0.5630230347
629,629,629,9/22/2021,0.4721964472,629,629,0.6172609226,0.6307459558
630,630,630,9/23/2021,0.4809344875,630,630,0.6380578871,0.6466109895
631,631,631,9/24/2021,0.4471303729,631,631,0.6055527656,0.5993193122
632,632,632,9/25/2021,0.4522157875,632,632,0.6033973424,0.5980292305
633,633,633,9/26/2021,0.4476779328,633,633,0.6117352592,0.6277583983
634,634,634,9/27/2021,0.4490730185,634,634,0.5948872468,0.5985851539
635,635,635,9/28/2021,0.4384373925,635,635,0.576988625,0.5731315035
636,636,636,9/29/2021,0.4477484218,636,636,0.5845310121,0.5818501638
637,637,637,9/30/2021,0.4848898781,637,637,0.6212353827,0.6141382764
638,638,638,10/1/2021,0.5006161013,638,638,0.6903476258,0.6790115598
639,639,639,10/2/2021,0.4899175501,639,639,0.6824226192,0.696291864
640,640,640,10/3/2021,0.5037667134,640,640,0.6905835745,0.7030011373
641,641,641,10/4/2021,0.5158761587,641,641,0.7065898239,0.6956298484
642,642,642,10/5/2021,0.5302155598,642,642,0.7434105746,0.7233814568
643,643,643,10/6/2021,0.564121876,643,643,0.8048943412,0.7362292271
644,644,644,10/7/2021,0.5453528831,644,644,0.7798726196,0.7389154827
645,645,645,10/8/2021,0.5451556119,645,645,0.7828825597,0.7336808915
646,646,646,10/9/2021,0.5454673605,646,646,0.8005834948,0.7362249834
647,647,647,10/10/2021,0.5285274601,647,647,0.7944679596,0.7022075673
648,648,648,10/11/2021,0.5428391057,648,648,0.8390574806,0.7291252907
649,649,649,10/12/2021,0.5424006986,649,649,0.8154626109,0.7181426219
650,650,650,10/13/2021,0.5378844641,650,650,0.8372910539,0.7408060464
651,651,651,10/14/2021,0.5173896423,651,651,0.8370184375,0.7820610752
652,652,652,10/15/2021,0.5374701529,652,652,0.9060764761,0.7983122846
653,653,653,10/16/2021,0.524089776,653,653,0.8932045181,0.7906333282
654,654,654,10/17/2021,0.5073828642,654,654,0.904172944,0.7938012426
655,655,655,10/18/2021,0.4984496857,655,655,0.9107874788,0.7715070191
656,656,656,10/19/2021,0.4949058216,656,656,0.9476672167,0.80004371
657,657,657,10/20/2021,0.506568056,657,657,0.9750516138,0.8602680314
658,658,658,10/21/2021,0.5290905811,658,658,0.9143601884,0.8376640186
659,659,659,10/22/2021,0.5205307867,659,659,0.8900766036,0.8203497649
660,660,660,10/23/2021,0.5220342182,660,660,0.8995990466,0.8613650252
661,661,661,10/24/2021,0.5710070852,661,661,0.8924871065,0.8437622006
662,662,662,10/25/2021,0.5661683191,662,662,0.9268877889,0.87210156
663,663,663,10/26/2021,0.5515593528,663,663,0.8860830125,0.8541231688
664,664,664,10/27/2021,0.4966462372,664,664,0.8544898008,0.8104068001
665,665,665,10/28/2021,0.5221668101,665,665,0.8888091765,0.8873915737
666,666,666,10/29/2021,0.5247430374,666,666,0.9151126735,0.9142923223
667,667,667,10/30/2021,0.5124516557,667,667,0.909284103,0.8952784709
668,668,668,10/31/2021,0.5363717568,668,668,0.9005348702,0.8881978748
669,669,669,11/1/2021,0.530578323,669,669,0.894251939,0.8946864762
670,670,670,11/2/2021,0.5395291076,670,670,0.9293684387,0.9522330295
671,671,671,11/3/2021,0.5192119411,671,671,0.9269244566,0.9554094312
672,672,672,11/4/2021,0.5073173847,672,672,0.9016157703,0.9403358456
673,673,673,11/5/2021,0.4982855869,673,673,0.8962224295,0.9293552987
674,674,674,11/6/2021,0.5058646186,674,674,0.9036548134,0.9357484171
675,675,675,11/7/2021,0.5211012275,675,675,0.9312815362,0.9571217599
676,676,676,11/8/2021,0.5387900992,676,676,1.0,1.0
677,677,677,11/9/2021,0.5688577152,677,677,0.9897234777,0.98145932
678,678,678,11/10/2021,0.5232809813,678,678,0.9584538983,0.960374548
679,679,679,11/11/2021,0.51776569,679,679,0.9559716543,0.9793968868
680,680,680,11/12/2021,0.5054090747,680,680,0.9475604021,0.9685139448
681,681,681,11/13/2021,0.5290967071,681,681,0.9492614646,0.9629653206
682,682,682,11/14/2021,0.5394800173,682,682,0.9638105715,0.9591353907
683,683,683,11/15/2021,0.5234785898,683,683,0.9402571522,0.9480636044
684,684,684,11/16/2021,0.4640622254,684,684,0.8808347482,0.8736611159
685,685,685,11/17/2021,0.4652247474,685,685,0.8854102399,0.8871624145
686,686,686,11/18/2021,0.4306967303,686,686,0.8296609832,0.8218944679
687,687,687,11/19/2021,0.4578551852,687,687,0.849077329,0.8896067797
688,688,688,11/20/2021,0.4778929419,688,688,0.8752995193,0.9145342126
689,689,689,11/21/2021,0.4871329539,689,689,0.8579301879,0.8820296719
690,690,690,11/22/2021,0.4437223809,690,690,0.8219623598,0.845137156
691,691,691,11/23/2021,0.4526943028,691,691,0.8403233135,0.8986352294
692,692,692,11/24/2021,0.470199324,692,692,0.8338793633,0.8836953201
693,693,693,11/25/2021,0.479812013,693,693,0.8627798902,0.9378087284
694,694,694,11/26/2021,0.4316207476,694,694,0.7786864991,0.8354827621
695,695,695,11/27/2021,0.4351051242,695,695,0.7955823389,0.8414196839
696,696,696,11/28/2021,0.4595505372,696,696,0.8346701102,0.8888216971
697,697,697,11/29/2021,0.4521295645,697,697,0.8453005556,0.9214705233
698,698,698,11/30/2021,0.4572749921,698,698,0.8322038087,0.9604233505
699,699,699,12/1/2021,0.440374981,699,699,0.8341583566,0.9492497157
700,700,700,12/2/2021,0.4587555987,700,700,0.8229890555,0.9344413607
701,701,701,12/3/2021,0.4258163806,701,701,0.7782385154,0.8760227292
702,702,702,12/4/2021,0.38377267,702,702,0.7054292114,0.8484047971
703,703,703,12/5/2021,0.3755105702,703,703,0.708692637,0.8677284378
704,704,704,12/6/2021,0.3762345067,704,704,0.7285681262,0.901211149
705,705,705,12/7/2021,0.3881410766,705,705,0.7293237997,0.8912830371
706,706,706,12/8/2021,0.3944606372,706,706,0.7279734717,0.9196393713
707,707,707,12/9/2021,0.3490929434,707,707,0.6850037066,0.8557018214
708,708,708,12/10/2021,0.3503727522,708,708,0.6713601326,0.8038884928
709,709,709,12/11/2021,0.3699605746,709,709,0.7092171445,0.8450246983
710,710,710,12/12/2021,0.3679180299,710,710,0.7220683773,0.8558482287
711,711,711,12/13/2021,0.3369200211,711,711,0.6688667288,0.7817364329
712,712,712,12/14/2021,0.3437292879,712,712,0.6940542523,0.7966445146
713,713,713,12/15/2021,0.3459110682,713,713,0.7019091119,0.8305558385
714,714,714,12/16/2021,0.3438248452,714,714,0.6819730413,0.8172200438
715,715,715,12/17/2021,0.3321728391,715,715,0.6583957083,0.799769992
716,716,716,12/18/2021,0.3309622175,716,716,0.670719245,0.81814729
717,717,717,12/19/2021,0.3367508202,717,717,0.6669281233,0.8098763389
718,718,718,12/20/2021,0.3479485068,718,718,0.670519964,0.811938772
719,719,719,12/21/2021,0.3481100466,719,719,0.7030266797,0.8304730865
720,720,720,12/22/2021,0.349534607,720,720,0.6983045173,0.822221232
721,721,721,12/23/2021,0.3947338603,721,721,0.7320276443,0.8502210962
722,722,722,12/24/2021,0.3812448516,722,722,0.7332105762,0.8365267098
723,723,723,12/25/2021,0.3976798224,723,723,0.73009701,0.8470340853
724,724,724,12/26/2021,0.4089442703,724,724,0.7324708452,0.8414918267
725,725,725,12/27/2021,0.4191257073,725,725,0.7311316769,0.8346785829
726,726,726,12/28/2021,0.3922218963,726,726,0.6820001435,0.7824472509
727,727,727,12/29/2021,0.4035826935,727,727,0.6634319376,0.7477593319
728,728,728,12/30/2021,0.4280842633,728,728,0.6738073032,0.764698019
729,729,729,12/31/2021,0.4360024513,729,729,0.6590286247,0.7582815603
730,730,730,1/1/2022,0.4842907186,730,730,0.6835545352,0.7769028704
731,731,731,1/2/2022,0.4598356663,731,731,0.6766291221,0.7899713127
732,732,732,1/3/2022,0.441579763,732,732,0.662862791,0.7756700786
733,733,733,1/4/2022,0.421775103,733,733,0.6529641055,0.7822605286
734,734,734,1/5/2022,0.3868480288,734,734,0.6164366964,0.7275572474
735,735,735,1/6/2022,0.3810552451,735,735,0.6094267881,0.7007328852
736,736,736,1/7/2022,0.359080801,736,736,0.5852165387,0.6545382017
737,737,737,1/8/2022,0.3373422662,737,737,0.5871248535,0.6330757414
738,738,738,1/9/2022,0.3509080554,738,738,0.5900008768,0.6461187215
739,739,739,1/10/2022,0.3348314225,739,739,0.58932651,0.6317623194
740,740,740,1/11/2022,0.3565703298,740,740,0.6032267579,0.6640652849
741,741,741,1/12/2022,0.370274215,741,741,0.6227881802,0.6933234031
742,742,742,1/13/2022,0.4232813791,742,742,0.6014220692,0.6653659758
743,743,743,1/14/2022,0.438716712,743,743,0.6096707081,0.6807069138
744,744,744,1/15/2022,0.411778621,744,744,0.6106463878,0.6841464243
745,745,745,1/16/2022,0.426130942,745,745,0.6096818678,0.6886192731
746,746,746,1/17/2022,0.4062411151,746,746,0.5955616137,0.6588094753
747,747,747,1/18/2022,0.382113836,747,747,0.5980438578,0.6481641799
748,748,748,1/19/2022,0.3759291472,748,748,0.58751385,0.6330311826
749,749,749,1/20/2022,0.3478283911,749,749,0.5705733713,0.6137966594
750,750,750,1/21/2022,0.311368742,750,750,0.5037791648,0.5226103784
751,751,751,1/22/2022,0.2657055456,751,751,0.4816701342,0.4892295157
752,752,752,1/23/2022,0.2757876975,752,752,0.5009270552,0.5166904313
753,753,753,1/24/2022,0.2546715515,753,753,0.5076786953,0.4956990206
754,754,754,1/25/2022,0.2497871535,754,754,0.5118667846,0.4996562611
755,755,755,1/26/2022,0.2581417197,755,755,0.5098962942,0.500519852
756,756,756,1/27/2022,0.2492180227,756,756,0.5154394943,0.4922107077
757,757,757,1/28/2022,0.2584986263,757,757,0.524265251,0.5178341057
758,758,758,1/29/2022,0.2696618193,758,758,0.5314266128,0.5287594846
759,759,759,1/30/2022,0.2567938495,759,759,0.5268064822,0.5297822138
760,760,760,1/31/2022,0.2555910646,760,760,0.5362221106,0.5482061924
