Dates,Crowdstrike,Palo Alto Networks,Zscaler,Cloudflare,Cisco,Monero (XMR),Bitcoin,Ethereum
1/2/2020,0.06315101664,0.2359785203,0.02377915452,0.005513336314,0.4947984395,0.02951740689,0.03330750652,0.00439646246
1/3/2020,0.06818618596,0.2392371948,0.02393100097,0.006208712065,0.4691157347,0.04159763025,0.03907485791,0.005830829556
1/6/2020,0.08494445939,0.2471085001,0.02793974733,0.008791536284,0.4746423927,0.05939524647,0.04645287802,0.008084228752
1/7/2020,0.08356074874,0.2502753809,0.02702866861,0.008692196891,0.4645643693,0.05829148283,0.05279097018,0.007905993787
1/8/2020,0.08705846177,0.2432302185,0.0341654519,0.009238563552,0.4655396619,0.0605635593,0.05083116117,0.007322486463
1/9/2020,0.08813468117,0.2466724803,0.04403547133,0.005463666617,0.4590377113,0.05894295286,0.04713681039,0.006709273311
1/10/2020,0.09297766845,0.2416238296,0.04707240039,0.007748472657,0.4528608583,0.05835291262,0.05282014492,0.008196686527
1/13/2020,0.09978091248,0.2486230953,0.06110301263,0.01211940595,0.4801690507,0.05681414966,0.05177160804,0.007939943304
1/14/2020,0.1008186955,0.2465118414,0.06086005831,0.01380817563,0.4743172952,0.06776262578,0.06322165626,0.01266104802
1/15/2020,0.1047007726,0.2481182302,0.06222667638,0.01455322108,0.4814694408,0.08009536429,0.0630000558,0.0127735058
1/16/2020,0.1123496176,0.2539930237,0.06778425656,0.01509958774,0.5152795839,0.07426566217,0.0615006656,0.01227275042
1/17/2020,0.1170004228,0.2512621627,0.06052599611,0.01331147867,0.5143042913,0.08130957407,0.06444460387,0.01347371459
1/21/2020,0.1123496176,0.2539241784,0.06380587949,0.01033129688,0.5071521456,0.07477164252,0.06161656742,0.01338884079
1/22/2020,0.113618019,0.255071599,0.06201409135,0.01057964536,0.5156046814,0.07260354608,0.06052944975,0.01307268592
1/23/2020,0.1096975055,0.2577565632,0.06016156463,0.01117568172,0.5136540962,0.06706782358,0.05624682147,0.01194810816
1/24/2020,0.1008571319,0.2531668809,0.05557580175,0.009188893856,0.5087776333,0.06538211934,0.05691720273,0.01192688971
1/27/2020,0.09628319945,0.2415779328,0.05023080661,0.009437242338,0.4639141743,0.07374205507,0.06438928347,0.01351190779
1/28/2020,0.1001652765,0.2444923811,0.05162779397,0.01072865445,0.4736671001,0.07910877502,0.07233740664,0.01478501468
1/29/2020,0.104739209,0.2408894804,0.05354105928,0.008294839319,0.450260078,0.08362668364,0.07068130186,0.01428213746
1/30/2020,0.1131567821,0.241922159,0.05524173955,0.01192072716,0.4564369311,0.09450609402,0.07406844106,0.01664799443
1/31/2020,0.1079294308,0.2345327703,0.05038265306,0.009635921125,0.4151495449,0.08841250485,0.07138851025,0.01562738708
2/3/2020,0.1078909943,0.2372636314,0.05259961127,0.008791536284,0.4333550065,0.09883225748,0.0706750843,0.01773650082
2/4/2020,0.1174232233,0.2469478612,0.05885568513,0.009983609,0.4687906372,0.09508877869,0.06866792612,0.01743095517
2/5/2020,0.1107352885,0.2503212778,0.05773202138,0.01033129688,0.4957737321,0.1013623833,0.07583391125,0.0207749826
2/6/2020,0.1121574355,0.2604415274,0.05739795918,0.009188893856,0.5035760728,0.102053027,0.07821236977,0.02267403371
2/7/2020,0.1117730715,0.2598678171,0.05912900875,0.01117568172,0.4801690507,0.1048541372,0.07893025962,0.02485316834
2/10/2020,0.1164238767,0.2637690472,0.06480806608,0.01202006656,0.5094278283,0.1165433954,0.07962758368,0.02477466008
2/11/2020,0.1236883576,0.2621856068,0.06505102041,0.01216907565,0.5178803641,0.127702462,0.08629504747,0.02798501129
2/12/2020,0.1232655571,0.2573434918,0.06371477162,0.009437242338,0.5438881664,0.138339251,0.08758798256,0.0340174161
2/13/2020,0.1241495945,0.2593859005,0.06802721088,0.01067898475,0.4590377113,0.1331844466,0.08575938016,0.03444390691
2/14/2020,0.1223815198,0.2631494401,0.06866496599,0.009089554463,0.4476592978,0.1397446722,0.08791002065,0.03823139991
2/18/2020,0.1269554522,0.2676702772,0.07397959184,0.00784781205,0.4353055917,0.1203180161,0.08498776415,0.0374972416
2/19/2020,0.1269170158,0.2664999082,0.0779579689,0.01038096657,0.4255526658,0.1013077822,0.07561486158,0.03254697764
2/20/2020,0.116731368,0.2674866899,0.07798833819,0.02175532707,0.4437581274,0.09823723531,0.07597850954,0.03222657908
2/21/2020,0.1073144482,0.253396365,0.04558430515,0.02533154522,0.4258777633,0.1068947676,0.077213414,0.03388798357
2/24/2020,0.09636007226,0.2403846154,0.03753644315,0.01932151195,0.3511053316,0.1043818803,0.07657013495,0.03396436998
2/25/2020,0.09505323442,0.1477418763,0.03313289602,0.02170565738,0.3101430429,0.09843852192,0.07091039529,0.03009624688
2/26/2020,0.09782065573,0.1308059482,0.03592687075,0.03074554214,0.2912873862,0.08536170671,0.06251349132,0.02517356691
2/27/2020,0.09413076066,0.126170369,0.03109815355,0.0299011573,0.22236671,0.08423843344,0.06305872412,0.0257889019
2/28/2020,0.1023561517,0.1194235359,0.03793124393,0.02672229673,0.2187906372,0.08095676137,0.06140708324,0.02573373394
3/2/2020,0.100395895,0.1301404443,0.04033041788,0.03059653306,0.2591027308,0.08154101655,0.0646929877,0.02673312285
3/3/2020,0.09021024715,0.1135028456,0.03592687075,0.03059653306,0.22236671,0.07495543905,0.06218746762,0.02492743291
3/4/2020,0.09297766845,0.1223379842,0.04218294461,0.03367605424,0.2662548765,0.07459705597,0.06223242541,0.02501442854
3/5/2020,0.08805780836,0.1112309528,0.04209183673,0.03690458451,0.2070871261,0.0808175039,0.06701947374,0.02597138056
3/6/2020,0.0728369912,0.1000321278,0.03003522838,0.03402374211,0.210663199,0.08256665408,0.0683720337,0.02941725654
3/9/2020,0.04892954607,0.06012483936,0.01348396501,0.02394079372,0.1547464239,0.05243581612,0.04906170537,0.0202211811
3/10/2020,0.05342660568,0.08006700936,0.02280733722,0.02577857249,0.2236671001,0.05049787228,0.04827016126,0.01995807235
3/11/2020,0.03782142445,0.05725628786,0.01026482021,0.02319574827,0.1251625488,0.04916387238,0.04911798232,0.01878257032
3/12/2020,0.01848791175,0.01828988434,0,0.01609298167,0,0,0,0
3/13/2020,0.02513741015,0.04357903433,0.007258260447,0.01559628471,0.144343303,0.01107092006,0.01244310528,0.005779905281
3/16/2020,0,0.01053332109,0.007045675413,0,0.01657997399,0.004214153745,0.002660799834,0.001003632598
3/17/2020,0.01921820348,0.02060767395,0.02235179786,0.01375850594,0.07477243173,0.009411223523,0.007566619636,0.002121844817
3/18/2020,0.02160126071,0,0.03240403304,0.01877514528,0.1274382315,0.01121900224,0.00887262756,0.002654427866
3/19/2020,0.03355498328,0.01498531302,0.0373845967,0.02369244524,0.1466189857,0.01965536837,0.02120110641,0.006490723294
3/20/2020,0.06149825114,0.02512851111,0.04294217687,0.02880842398,0.07802340702,0.01801191178,0.02143482316,0.005767174212
3/23/2020,0.07087673444,0.03116394346,0.05627429543,0.02726866339,0.0455136541,0.02764098151,0.02617787024,0.006420702416
3/24/2020,0.09347734174,0.06457683128,0.06875607386,0.03223563304,0.1755526658,0.03388123748,0.03044296179,0.006982991292
3/25/2020,0.08751969866,0.07671654122,0.0596149174,0.0285104058,0.1453185956,0.0334658182,0.02922097074,0.006401605812
3/26/2020,0.09851251105,0.0812832752,0.06392735666,0.02821238762,0.2399219766,0.04051922442,0.03033455293,0.006982991292
3/27/2020,0.09908905715,0.06875344226,0.05809645287,0.0300004967,0.1827048114,0.0345518164,0.02415700154,0.005406460593
3/30/2020,0.09497636161,0.07777216817,0.05873420797,0.03958674812,0.2314694408,0.0320815784,0.02469968354,0.005565598954
3/31/2020,0.08713533459,0.07201211676,0.06486880466,0.03755029057,0.1986345904,0.03460105497,0.02532574471,0.00572685916
4/1/2020,0.08290732982,0.07178263264,0.0683005345,0.04072915114,0.1667750325,0.03650983862,0.02882001738,0.006380387364
4/2/2020,0.09101741169,0.07563796585,0.06584062196,0.03546416331,0.2145643693,0.04139788337,0.03105626898,0.007519818031
4/3/2020,0.09536072568,0.06902882321,0.07258260447,0.04053047236,0.1905071521,0.04627305158,0.03004982025,0.007496477738
4/6/2020,0.1001652765,0.0889480448,0.07230928086,0.03834500571,0.2675552666,0.05967451685,0.0396084527,0.01371772674
4/7/2020,0.1022024061,0.09232146135,0.06942419825,0.0341727512,0.2418725618,0.05283963985,0.03750500195,0.01249342228
4/8/2020,0.1049698274,0.1000091794,0.07722910593,0.03437142999,0.27763329,0.05719722254,0.04006361049,0.01427365008
4/9/2020,0.09662912711,0.1039563062,0.07012269193,0.02612626037,0.2600780234,0.05837717663,0.03883811209,0.01360739081
4/13/2020,0.09901218434,0.1156140995,0.06884718173,0.03824566632,0.2607282185,0.046605868,0.03195048266,0.01072168186
4/14/2020,0.1071607026,0.1270194603,0.08193634597,0.03471911787,0.311443433,0.04883832448,0.03220811313,0.01100813091
4/15/2020,0.1107352885,0.1233936112,0.09250485909,0.03958674812,0.2704811443,0.04665130172,0.02817068019,0.009998132777
4/16/2020,0.1170004228,0.1324352855,0.09375,0.04718621169,0.2698309493,0.05510019564,0.03596113223,0.01405085638
4/17/2020,0.1219587193,0.1396410868,0.08655247813,0.0442556996,0.3016905072,0.05334608927,0.03474105428,0.01374955441
4/20/2020,0.1361417535,0.1416146503,0.09417517007,0.05096110863,0.3036410923,0.05027259541,0.03158348678,0.01366680246
4/21/2020,0.1270707614,0.1237607858,0.07798833819,0.03983509661,0.238946684,0.05118273449,0.03183043579,0.01378774762
4/22/2020,0.1347580428,0.1360381862,0.08324222546,0.04316296627,0.278283485,0.05526984332,0.03634470829,0.01634244878
4/23/2020,0.137986701,0.1365659996,0.08120748299,0.03879203298,0.2737321196,0.06037774684,0.04169516385,0.01678591435
4/24/2020,0.1498635508,0.1396869837,0.08503401361,0.03655689664,0.3029908973,0.06347114832,0.04227260046,0.01731849739
4/27/2020,0.1560133759,0.147558289,0.09405369291,0.04246759052,0.3205461638,0.06721005109,0.04668962384,0.01924301064
4/28/2020,0.1426759427,0.1399164678,0.08266520894,0.03750062087,0.3020156047,0.06672835768,0.04625391587,0.01942336745
4/29/2020,0.1394088481,0.1494400587,0.08239188533,0.03904038146,0.3296488947,0.07586390767,0.06254091239,0.02321934783
4/30/2020,0.1331821501,0.1467091977,0.0837585034,0.03794764814,0.2984395319,0.06700586474,0.06005819005,0.021248154
5/1/2020,0.1391397932,0.1425096383,0.08306000972,0.03437142999,0.2509752926,0.06940582461,0.0633286303,0.02249155506
5/4/2020,0.155359957,0.1359922893,0.08983236152,0.0384940148,0.2649544863,0.0643302858,0.06419127787,0.02138183022
5/5/2020,0.1482876581,0.1506104278,0.09636175899,0.04266626931,0.2685305592,0.06257394992,0.06587910818,0.02107840641
5/6/2020,0.1515547527,0.1575408482,0.1003401361,0.04485173596,0.2584525358,0.05714755257,0.06855282142,0.01976922816
5/7/2020,0.1632778568,0.1848494584,0.10744655,0.06755078726,0.2656046814,0.07207811116,0.08199057799,0.02256157594
5/8/2020,0.167928662,0.1867541766,0.1048347911,0.0513584662,0.3182704811,0.06941711123,0.07896150688,0.02238546282
5/11/2020,0.1661221509,0.1966219938,0.1137633625,0.06059702975,0.3289986996,0.06049875695,0.05969342612,0.016968393
5/12/2020,0.1658146596,0.1872360933,0.1122145287,0.06392489942,0.3257477243,0.06537297694,0.06279981826,0.0176834547
5/13/2020,0.1674289887,0.1908389939,0.1082968902,0.05935528734,0.2844603381,0.07304095128,0.07111844465,0.01992836652
5/14/2020,0.1696198639,0.1996282357,0.1096938776,0.06010033279,0.3462288687,0.07351894556,0.07878805271,0.02065828114
5/15/2020,0.1696198639,0.207109418,0.1120323129,0.06740177818,0.3598829649,0.06779894681,0.07102374632,0.0187486208
5/18/2020,0.1656224776,0.2147053424,0.104197036,0.06034868127,0.3855656697,0.07706752949,0.07766251365,0.02307294054
5/19/2020,0.1750393973,0.217023132,0.1085398445,0.06019967218,0.3709362809,0.07668896306,0.07842854979,0.0230474784
5/20/2020,0.1843410078,0.233844318,0.1140670554,0.05776585705,0.3979193758,0.07206024222,0.0742744179,0.02203960211
5/21/2020,0.1829188607,0.2224160088,0.1097242468,0.06019967218,0.3719115735,0.0653392463,0.06698408143,0.01965464854
5/22/2020,0.1891455587,0.2417615201,0.1137026239,0.0612924055,0.3803641092,0.0682864011,0.06873982671,0.02143063265
5/26/2020,0.1781143099,0.2262483936,0.1124271137,0.06044802066,0.3784135241,0.06607686542,0.06356776749,0.02011933255
5/27/2020,0.1728869585,0.2276711952,0.1063836249,0.06094471763,0.4148244473,0.07186477438,0.06937258372,0.02161098946
5/28/2020,0.178690856,0.2221635763,0.1102405248,0.06049769036,0.4031209363,0.07766191391,0.07499597452,0.02405323284
5/29/2020,0.2106315102,0.2356572425,0.1779336735,0.06531565092,0.4752925878,0.07528318555,0.07285569665,0.02427602655
6/1/2020,0.2376523043,0.2426335598,0.21404276,0.07018328118,0.4258777633,0.07892022646,0.08534009294,0.0301068561
6/2/2020,0.2276972749,0.2461905636,0.2024720603,0.07092832663,0.4450585176,0.07658645076,0.07437724689,0.02792772148
6/3/2020,0.2501825729,0.2313888379,0.2062378523,0.06685541151,0.4466840052,0.07773875222,0.07650030689,0.02938967256
6/4/2020,0.2420340547,0.215967505,0.1929968416,0.06233546913,0.444083225,0.07974114932,0.07861125061,0.02908837059
6/5/2020,0.2341545912,0.2267532587,0.1816387269,0.0656633388,0.4756176853,0.07817916119,0.07601198874,0.02842211132
6/8/2020,0.2399200523,0.2414402423,0.1920553936,0.06581234789,0.4853706112,0.08019078986,0.07853695865,0.02987557502
6/9/2020,0.234039282,0.2317330641,0.1946367833,0.06357721154,0.4827698309,0.07978189764,0.0782248049,0.0292687274
6/10/2020,0.2468001691,0.2297136038,0.2011054422,0.06695475091,0.4622886866,0.08335820343,0.08034148791,0.03011958717
6/11/2020,0.2384210324,0.2050211125,0.1918731778,0.06248447822,0.3403771131,0.06988154505,0.07032323377,0.0263236068
6/12/2020,0.2310412423,0.2048604737,0.1912354227,0.06407390851,0.3858907672,0.07443251072,0.07328598417,0.02788952827
6/15/2020,0.2537187224,0.215072517,0.1974611273,0.07480256296,0.394993498,0.07185673795,0.07286924775,0.02649971992
6/16/2020,0.2614828766,0.2205801359,0.1922679786,0.07813043262,0.4317295189,0.07504036511,0.07443782832,0.02741423503
6/17/2020,0.2524503209,0.2218193501,0.2025024295,0.09874335668,0.4216514954,0.07304432703,0.07334194227,0.02707898355
6/18/2020,0.2636737518,0.224320727,0.2233661322,0.1033626385,0.4105981795,0.07258485637,0.07213828507,0.02651457283
6/19/2020,0.2616366222,0.2252386635,0.20976069,0.09973675061,0.3940182055,0.07091879438,0.07050242724,0.02600745192
6/22/2020,0.2767805666,0.2301725721,0.213101312,0.1047037203,0.388816645,0.07544098729,0.07716271692,0.02909473613
6/23/2020,0.273897836,0.221979989,0.2150449466,0.09675656882,0.3988946684,0.0769718187,0.075989191,0.02906078661
6/24/2020,0.2717069608,0.2084174775,0.208819242,0.09476978096,0.3754876463,0.07254511424,0.07041697555,0.02723387822
6/25/2020,0.2794326786,0.2164494217,0.2189929543,0.09973675061,0.3907672302,0.07133511104,0.06995033918,0.02677768159
6/26/2020,0.252834685,0.2129842115,0.2019557823,0.09740227487,0.4262028609,0.07062857129,0.06851918279,0.02616659028
6/29/2020,0.2501825729,0.2168854415,0.2001032556,0.09531614762,0.4210013004,0.07107885236,0.06898868881,0.02582709511
6/30/2020,0.2586001461,0.2228061318,0.212585034,0.09948840213,0.4369310793,0.0696277769,0.06821946417,0.02537938585
7/1/2020,0.2688242303,0.222094731,0.2186892614,0.1043560324,0.4180754226,0.0719191043,0.06987365585,0.02651032914
7/2/2020,0.2854287581,0.2247796952,0.2147412536,0.1020712263,0.4040962289,0.07346927056,0.06750731361,0.02554488975
7/6/2020,0.2820463543,0.2371259409,0.2286200194,0.1113594596,0.4297789337,0.0728419543,0.07151923859,0.02877433756
7/7/2020,0.2821616635,0.2306085919,0.2257653061,0.1092236626,0.4040962289,0.07210230835,0.07009653171,0.02819719577
7/8/2020,0.3134104624,0.2529832936,0.2470541788,0.1116574778,0.4099479844,0.07572113936,0.07298754095,0.02990103716
7/9/2020,0.3245954568,0.2662015789,0.2669764334,0.1182635474,0.4388816645,0.07797092081,0.0698315677,0.0288379929
7/10/2020,0.3214821079,0.2670736185,0.2611455296,0.1200019868,0.4375812744,0.07796660548,0.07066838845,0.02866824532
7/13/2020,0.281354499,0.248944373,0.2441994655,0.1034619778,0.4138491547,0.08219548473,0.06991112068,0.02829480063
7/14/2020,0.2790483146,0.258743345,0.2518525267,0.1034619778,0.4245773732,0.08036433124,0.07014435915,0.02850486327
7/15/2020,0.2695929585,0.247659262,0.2439868805,0.100332787,0.4291287386,0.08527063681,0.06907972037,0.02805927586
7/16/2020,0.2615597494,0.2404993574,0.2358175413,0.09526647792,0.4089726918,0.07881545255,0.06812237447,0.02701532821
7/17/2020,0.2629818965,0.2460758216,0.2454142371,0.1048030597,0.4405071521,0.0787377873,0.06848155854,0.02686467722
7/20/2020,0.2833147557,0.2731319993,0.26755345,0.1115084687,0.4476592978,0.08255142932,0.06865867948,0.02758610446
7/21/2020,0.2828535189,0.2678997613,0.2610847911,0.1105647444,0.4492847854,0.08335773118,0.072310145,0.02966126869
7/22/2020,0.2717453972,0.2702863962,0.2599914966,0.1098693687,0.4453836151,0.08751010964,0.07459310807,0.03356546316
7/23/2020,0.2630972057,0.2660179916,0.2549805637,0.1018725476,0.4619635891,0.09082055802,0.07582466461,0.03590373614
7/24/2020,0.2576007995,0.2551633927,0.2496963071,0.09834599911,0.4291287386,0.08771586294,0.07471745941,0.03681188573
7/27/2020,0.2713225968,0.2640903249,0.2592626336,0.1064918293,0.4548114434,0.1029268407,0.09825190712,0.04579365484
7/28/2020,0.2795095514,0.2575500275,0.2577745384,0.1079322505,0.4252275683,0.1092626714,0.09671983484,0.04480275331
7/29/2020,0.3071453281,0.2661327336,0.2656401846,0.1131475687,0.439206762,0.1043003202,0.09950817451,0.04492582031
7/30/2020,0.303263251,0.2735680191,0.2726858601,0.1252173049,0.4304291287,0.1084131691,0.09983977808,0.04849688513
7/31/2020,0.3082215474,0.2830457132,0.2743865403,0.1276511201,0.4518855657,0.1163601741,0.1033933568,0.05098156541
8/3/2020,0.3169850482,0.2796263999,0.2826773567,0.132071723,0.4538361508,0.126305427,0.1019569394,0.05943923885
8/4/2020,0.3149863551,0.2807279236,0.282404033,0.1310783291,0.4704161248,0.1223383754,0.101073726,0.06020310299
8/5/2020,0.3141791905,0.3018175142,0.2885993683,0.1319723836,0.4593628088,0.1292367699,0.1099967318,0.06257320365
8/6/2020,0.2970749894,0.3059023316,0.2817662779,0.1263100382,0.4736671001,0.1405443485,0.1102693482,0.06136163026
8/7/2020,0.2642118615,0.2952772168,0.2622388241,0.1199026474,0.4626137841,0.1373389756,0.1076021714,0.05806640526
8/10/2020,0.2459545682,0.2883467964,0.2517310496,0.1046540506,0.47236671,0.1366814267,0.1119018581,0.06144862589
8/11/2020,0.2504131914,0.2814622728,0.2369108358,0.1087269657,0.4548114434,0.1220732267,0.1041330878,0.05788180476
8/12/2020,0.2515278472,0.2919955939,0.2424684159,0.1139422838,0.4843953186,0.1274266027,0.1070457788,0.05970022576
8/13/2020,0.2609063305,0.2959886176,0.2507592323,0.1138926141,0.3094928479,0.1327496702,0.1105021084,0.06790327783
8/14/2020,0.2622900411,0.2903662567,0.2532495141,0.1121541747,0.3023407022,0.1317182051,0.1101689106,0.07032854645
8/17/2020,0.2780105316,0.2980539747,0.2581086006,0.1192072716,0.2890117035,0.1361559833,0.1187459646,0.06901088082
8/18/2020,0.2847753392,0.3056269506,0.2686771137,0.1199026474,0.2854356307,0.1358158516,0.1130784131,0.06711819524
8/19/2020,0.2888111619,0.3141637599,0.2695578231,0.1160780808,0.2818595579,0.131196857,0.1098532495,0.06410729745
8/20/2020,0.3054925626,0.3211400771,0.2943391642,0.1211443898,0.2961638492,0.1537961274,0.1117105483,0.06574111796
8/21/2020,0.3036860514,0.3138195337,0.2906948494,0.114240302,0.294213264,0.1333860782,0.1060190831,0.05982753645
8/24/2020,0.3007264481,0.3086331926,0.2922740525,0.1101177172,0.2919375813,0.1365293179,0.1099504986,0.06405637317
8/25/2020,0.3096436945,0.2946805581,0.2919399903,0.1147866687,0.2847854356,0.1251271307,0.1031127691,0.0588260257
8/26/2020,0.3232501826,0.300302919,0.3052113703,0.1191079323,0.294213264,0.1260737468,0.105317614,0.05941377671
8/27/2020,0.3233270554,0.2817835506,0.3014455782,0.1182635474,0.2955136541,0.1274522981,0.1031797275,0.05855018587
8/28/2020,0.3291309528,0.2801771617,0.3086431001,0.1178661898,0.2925877763,0.1381830629,0.1064622841,0.06135526472
8/31/2020,0.3563823654,0.2864650266,0.3153547133,0.110962102,0.2932379714,0.135260204,0.1083753816,0.06955407309
9/1/2020,0.4254141523,0.2889664035,0.3640063168,0.1183132171,0.2870611183,0.143633347,0.112756375,0.07839792229
9/2/2020,0.4191874544,0.2865797687,0.3614552964,0.1146376596,0.299739922,0.1310495213,0.1043993272,0.07099268388
9/3/2020,0.3699119806,0.2515834404,0.3156887755,0.1008791536,0.2519505852,0.1004328399,0.08620098684,0.05872842084
9/4/2020,0.3543067994,0.2365292822,0.2880223518,0.09362737794,0.2477243173,0.1109791895,0.08969876685,0.05997818744
9/8/2020,0.3559980013,0.2325821553,0.2844691448,0.08453782347,0.2210663199,0.1152136064,0.08399295342,0.04909736721
9/9/2020,0.3657992851,0.2428400955,0.2875668124,0.089852481,0.2252925878,0.1158062165,0.08544053057,0.05189820237
9/10/2020,0.3702963447,0.2395355241,0.2827684645,0.08771668405,0.2070871261,0.1185825073,0.08747797945,0.05558596866
9/11/2020,0.3584963678,0.2532586745,0.2702866861,0.09064719615,0.2171651495,0.1151689988,0.08811089589,0.05676359254
9/14/2020,0.3670292501,0.2596612814,0.2751457726,0.09392539612,0.2330949285,0.1321259747,0.09269435875,0.05733861248
9/15/2020,0.3783679902,0.2650541583,0.2828595724,0.1005811354,0.2405721717,0.1308400589,0.09448469921,0.05476693657
9/16/2020,0.377214898,0.2622774004,0.2780612245,0.09924005364,0.2347204161,0.1243501102,0.09728898136,0.05498548658
9/17/2020,0.3673367414,0.2497934643,0.2663690476,0.1002334476,0.2330949285,0.1345234956,0.09703390168,0.06012459473
9/18/2020,0.3782911173,0.2501835873,0.2721088435,0.1052004172,0.2148894668,0.1338194611,0.09693665256,0.05910398737
9/21/2020,0.40404351,0.2525013769,0.2898141399,0.1144389808,0.1898569571,0.1264612333,0.08859714151,0.0496554124
9/22/2020,0.4215320752,0.2614283092,0.2991071429,0.1189589232,0.1989596879,0.1339681212,0.09048473109,0.050535978
9/23/2020,0.4058500211,0.2445153295,0.2918792517,0.1195052898,0.1651495449,0.12200186,0.08573865493,0.0455220587
9/24/2020,0.3877849099,0.2418992106,0.2886904762,0.1122535141,0.1511703511,0.1324323925,0.09378801285,0.05157143827
9/25/2020,0.3973555752,0.2514228015,0.299957483,0.119803308,0.1706762029,0.1347830688,0.09299886011,0.05220162618
9/28/2020,0.4013529615,0.2601431981,0.3004130224,0.1239755625,0.1927828349,0.1396007989,0.09307857251,0.05258355825
9/29/2020,0.3972018296,0.2614053607,0.3066994655,0.1229324989,0.1905071521,0.1515310627,0.09538863779,0.05385454329
9/30/2020,0.400930161,0.2574123371,0.3073068513,0.124869617,0.2012353706,0.1694711218,0.09441933504,0.05374420736
10/1/2020,0.4222623669,0.2706765192,0.3182397959,0.1296875776,0.1820546164,0.1579442596,0.09175375246,0.05233742425
10/2/2020,0.4107314448,0.258353222,0.3114370748,0.1282968261,0.1648244473,0.1543110332,0.09112721302,0.05084152365
10/5/2020,0.4299880847,0.2664081146,0.3213374636,0.1338101624,0.1745773732,0.1787922318,0.09466484922,0.0525623398
10/6/2020,0.4309489949,0.2631264916,0.3219448494,0.1306809715,0.1745773732,0.1652224695,0.09165331484,0.049797576
10/7/2020,0.4287965561,0.2716633009,0.3285349854,0.1363929866,0.2015604681,0.1731590302,0.09267841627,0.04998854204
10/8/2020,0.422646731,0.2683357812,0.3284742468,0.1365419957,0.2142392718,0.175426457,0.0964392472,0.0519088116
10/9/2020,0.4249529154,0.2752432532,0.3415330418,0.1511448865,0.216189857,0.1859519011,0.09900120366,0.05501307056
10/12/2020,0.4341392167,0.2765742611,0.3390731293,0.204092783,0.2327698309,0.2155834395,0.1064686611,0.05954957478
10/13/2020,0.460429719,0.2799017808,0.3490038873,0.2176029404,0.2148894668,0.2125989741,0.1047867295,0.05832951401
10/14/2020,0.4411730791,0.2834587847,0.3510386297,0.2263944767,0.2174902471,0.2138905641,0.104751656,0.05803882127
10/15/2020,0.4318330322,0.2736368643,0.3506741983,0.2128843193,0.2200910273,0.2176671466,0.1059058915,0.05756140619
10/16/2020,0.4317561594,0.2611070314,0.3503097668,0.2104505041,0.2262678804,0.1962786979,0.103176539,0.05505762931
10/19/2020,0.4291424838,0.2518817698,0.3452077259,0.2103511648,0.1983094928,0.2075743654,0.110055719,0.05798365331
10/20/2020,0.4213783296,0.2448595557,0.3380102041,0.2043411315,0.1950585176,0.1910871501,0.1126607201,0.05574510703
10/21/2020,0.3925510243,0.2369882504,0.3260143343,0.1940098346,0.1905071521,0.19801663,0.1273373668,0.06072507681
10/22/2020,0.3902448399,0.2410042225,0.3251943635,0.1981324194,0.1827048114,0.2116620251,0.1296075759,0.06548225289
10/23/2020,0.3936272437,0.2385716908,0.3266217201,0.1981820891,0.1827048114,0.2115085082,0.1288136404,0.06438313727
10/26/2020,0.3846331245,0.2272810721,0.3325437318,0.1928674316,0.1453185956,0.2204910396,0.1311747216,0.06106032829
10/27/2020,0.3861705808,0.2270974849,0.3314504373,0.1989768043,0.1193107932,0.225620226,0.1424715626,0.0636171513
10/28/2020,0.378829227,0.2142234257,0.3175413022,0.1929171013,0.08159947984,0.2089827576,0.1343743772,0.05995060345
10/29/2020,0.3626474997,0.2207407747,0.3129859086,0.1891422043,0.08094928479,0.2047383865,0.1370957585,0.05973205344
10/30/2020,0.3491178845,0.2033458785,0.2923044218,0.1790592559,0.0877763329,0.2018789191,0.1389243609,0.05883451308
11/2/2020,0.3515393781,0.2048604737,0.2882956754,0.1794566135,0.0877763329,0.1925963976,0.1387888498,0.0588260257
11/3/2020,0.3607256794,0.2187901597,0.2889637998,0.1844235832,0.1131339402,0.1973133234,0.1463312369,0.05988482626
11/4/2020,0.3970865204,0.2354507068,0.3214589407,0.19967218,0.1095578674,0.1854983547,0.1483336123,0.06303788766
11/5/2020,0.4070799862,0.2561960712,0.3357932459,0.2090100829,0.1310143043,0.1937762575,0.1713991917,0.06599573934
11/6/2020,0.418111235,0.2695290986,0.3357628766,0.2411463766,0.1407672302,0.1935155455,0.1712668691,0.07438551374
11/9/2020,0.3595341507,0.2743482651,0.2711066569,0.2416430736,0.1625487646,0.1856041434,0.1667663072,0.07179261937
11/10/2020,0.3478110466,0.2527538094,0.2680393586,0.2251030646,0.1794538362,0.1850948138,0.1667248567,0.07309331025
11/11/2020,0.3764846062,0.2758858087,0.2915148202,0.2460636766,0.1992847854,0.1799225453,0.1728834366,0.0759174857
11/13/2020,0.3811738479,0.2894253718,0.2806729835,0.2376694978,0.266579974,0.1819349478,0.1829670549,0.07880319465
11/16/2020,0.3788676635,0.3348632275,0.28553207,0.2414940645,0.3036410923,0.1916279174,0.1894907175,0.07546341091
11/17/2020,0.4026982358,0.3697677621,0.2950072886,0.2485471614,0.2821846554,0.2072718193,0.2045340412,0.07988109182
11/18/2020,0.4023138717,0.3409216082,0.291180758,0.2411960463,0.2639791938,0.2028534798,0.2070673012,0.07933789954
11/19/2020,0.4256832071,0.3555626951,0.3007774538,0.2481994735,0.2591027308,0.1913778969,0.2070115025,0.07763405816
11/20/2020,0.4332167429,0.365866532,0.3143525267,0.2514776735,0.2526007802,0.1971241799,0.2199886808,0.08579467332
11/23/2020,0.440212169,0.3751147421,0.3144436346,0.2491928674,0.2743823147,0.2167556661,0.2158898694,0.1068327647
11/24/2020,0.4475535227,0.3777079126,0.3088253158,0.2521730492,0.305916775,0.2282753514,0.2275342564,0.1054153723
11/25/2020,0.4495137795,0.3779832936,0.3262876579,0.2685640491,0.3023407022,0.214605774,0.221796558,0.09865093107
11/27/2020,0.4528577469,0.373439508,0.3347910593,0.2922564943,0.3088426528,0.18895851,0.1960414823,0.08762794724
11/30/2020,0.4622746666,0.3702496787,0.3530430029,0.2938459246,0.3192457737,0.2177787405,0.2363775498,0.1076284565
12/1/2020,0.4400584233,0.3723379842,0.3406827017,0.2799880793,0.3361508453,0.2075517397,0.2234131254,0.1026527304
12/2/2020,0.418303417,0.3686662383,0.3258321186,0.2780509611,0.3475292588,0.2126794693,0.2287347251,0.1044711514
12/3/2020,0.4926778645,0.3764686984,0.4437257046,0.2891273034,0.3546814044,0.2243551605,0.232887741,0.1084771944
12/4/2020,0.5160087635,0.3940471819,0.4289662293,0.3051209457,0.3634590377,0.2097062318,0.2213198779,0.09879521651
12/7/2020,0.5293077603,0.3908344043,0.4209487366,0.3280186758,0.3624837451,0.2364542592,0.2286948689,0.1030855867
12/8/2020,0.5552907714,0.4076555902,0.4406584062,0.3359161576,0.3631339402,0.2298829668,0.214627225,0.09502894196
12/9/2020,0.5118191951,0.3891362218,0.4166666667,0.3049222669,0.3735370611,0.2226761611,0.2184566086,0.09918563596
12/10/2020,0.5649383096,0.4022627134,0.4259293003,0.3383996424,0.3615084525,0.2252658067,0.2139783661,0.09631053623
12/11/2020,0.5492946919,0.4069900863,0.4324890671,0.3302538121,0.3615084525,0.2417445893,0.2104343529,0.09296863065
12/14/2020,0.5411461737,0.4169726455,0.4371659378,0.3253861819,0.3589076723,0.2670625134,0.229814031,0.1019376687
12/15/2020,0.5454894876,0.4242472921,0.4304543246,0.325535191,0.3745123537,0.2629504166,0.2326868658,0.1025508818
12/16/2020,0.5641695814,0.4377409583,0.4389273567,0.3272736304,0.3745123537,0.2808510546,0.2630907685,0.1128460729
12/17/2020,0.5851558596,0.4562603268,0.450255102,0.3273233001,0.377763329,0.2842972288,0.2864751975,0.1140385497
12/18/2020,0.6562632125,0.5116348449,0.474914966,0.3372075697,0.3979193758,0.2719094282,0.2914795418,0.1163980411
12/21/2020,0.6827843333,0.5127593171,0.4862730807,0.3491282968,0.3797139142,0.2516583917,0.284928777,0.1071383103
12/22/2020,0.7375562132,0.5495685699,0.5080174927,0.3508667362,0.3735370611,0.2758833123,0.3024097058,0.1123856326
12/23/2020,0.7321751163,0.5329539196,0.5101129738,0.3277206576,0.3634590377,0.2629699991,0.2928187101,0.1014369133
12/24/2020,0.7230272514,0.5382779512,0.5034317298,0.3430189242,0.3686605982,0.2761659325,0.3007118317,0.1073971754
12/28/2020,0.6900872506,0.52528915,0.4855138484,0.3058659912,0.3810143043,0.2970922157,0.3536185443,0.132328852
12/29/2020,0.6646423492,0.5131723885,0.4808673469,0.3004023245,0.3719115735,0.2868635282,0.359300444,0.1327574647
12/30/2020,0.6814006227,0.5122315036,0.4914054908,0.3060150002,0.366710013,0.2826979929,0.3832619907,0.1373555024
12/31/2020,0.6872813929,0.5113135671,0.4865464043,0.298365867,0.3754876463,0.2750292847,0.3847382643,0.1341706133
1/4/2021,0.6437329438,0.5027538094,0.4755527211,0.2914121095,0.3498049415,0.2252717503,0.433106153,0.1986725739
1/5/2021,0.6850520813,0.4992885992,0.4676263362,0.2941439428,0.3504551365,0.230654503,0.4659747631,0.2115033695
1/6/2021,0.6758657801,0.4881127226,0.440111759,0.2848557095,0.3641092328,0.244416456,0.5096475915,0.2329870483
1/7/2021,0.7243725257,0.5290297411,0.4663204568,0.313415785,0.3823146944,0.2456363405,0.5523814079,0.238090085
1/8/2021,0.7330591536,0.5369239949,0.4794399903,0.3140614911,0.3855656697,0.2440889821,0.5710388917,0.2358239548
1/11/2021,0.765768536,0.5329080228,0.4834791059,0.3008990215,0.3953185956,0.279563824,0.4882320587,0.2095661252
1/12/2021,0.7709574509,0.5459427208,0.5053449951,0.3074554214,0.4092977893,0.2801683217,0.4652318435,0.2003021507
1/13/2021,0.7433985471,0.535202864,0.5089285714,0.3306015,0.3953185956,0.3092524819,0.5183203004,0.2173554175
1/14/2021,0.7403236345,0.5291444832,0.5174016035,0.3208165698,0.3884915475,0.2904731771,0.5464444285,0.2360467485
1/15/2021,0.7168389899,0.5330686616,0.5210155491,0.3076044305,0.3975942783,0.2774404229,0.5086113303,0.2253399195
1/19/2021,0.726102164,0.5311868919,0.5238702624,0.3254358516,0.3897919376,0.2774276958,0.4952626922,0.2677662067
1/20/2021,0.7430526194,0.5461033596,0.5322521866,0.3357174788,0.3946684005,0.2676759195,0.4884807614,0.2719929215
1/21/2021,0.7225660145,0.5347897925,0.5288204568,0.3332836636,0.3871911573,0.2181104409,0.4144662059,0.2143742255
1/22/2021,0.7322519891,0.5324949513,0.5401482021,0.3355188,0.3761378414,0.2305229797,0.4484045564,0.2392380031
1/25/2021,0.7090748357,0.5236827612,0.5106899903,0.3320915909,0.3845903771,0.2326878929,0.4371475716,0.2572439782
1/26/2021,0.6679863166,0.5087203965,0.4783163265,0.3035315154,0.3920676203,0.2345003512,0.4422475708,0.264753187
1/27/2021,0.6454241458,0.4649118781,0.485058309,0.2913127701,0.4063719116,0.207831716,0.4074993424,0.2408166556
1/28/2021,0.6898566322,0.5061042776,0.5064990282,0.3123230517,0.3946684005,0.2295203715,0.4564602913,0.2601487838
1/29/2021,0.7025790829,0.5006655039,0.486516035,0.3016937367,0.3699609883,0.2398192597,0.4676471292,0.2702763491
2/1/2021,0.6995426068,0.525013769,0.5010021866,0.3206675607,0.3966189857,0.2467553176,0.4571665431,0.269211183
2/2/2021,0.7173386632,0.5846796402,0.5381741983,0.3360154969,0.4105981795,0.2641776808,0.4887246813,0.2986942167
2/3/2021,0.7114963293,0.5622360933,0.5164601555,0.3299061243,0.4086475943,0.2725250504,0.5212457454,0.3309886948
2/4/2021,0.734135373,0.5735037635,0.5291848882,0.333383003,0.4567620286,0.2574855528,0.5124407139,0.3166174399
2/5/2021,0.7322904255,0.5674453828,0.5383867833,0.3458997666,0.4837451235,0.2733570523,0.5333444931,0.3424487787
2/8/2021,0.7277933659,0.5801817514,0.5356231778,0.3735657875,0.5117035111,0.2905002155,0.6619126193,0.349444501
2/9/2021,0.7330207172,0.5929640169,0.5481656948,0.3851388268,0.4973992198,0.3046099588,0.6641684801,0.3533614266
2/10/2021,0.7623476957,0.59580962,0.5575498056,0.3724730542,0.4564369311,0.3180578477,0.6375859897,0.3474881601
2/11/2021,0.7756082561,0.5932852947,0.5569424198,0.374310833,0.4674902471,0.350397312,0.6877713211,0.3568263991
2/12/2021,0.8036668332,0.6024876079,0.5678449951,0.3478368847,0.4580624187,0.3741332529,0.6787367179,0.368969717
2/16/2021,0.8048967982,0.5981733064,0.5591897473,0.3285650425,0.4327048114,0.4204457581,0.7062773513,0.3558970311
2/17/2021,0.7900603452,0.6031760602,0.5628340622,0.3401380818,0.4242522757,0.5309315533,0.7543407386,0.3704550084
2/18/2021,0.7927124572,0.5919542868,0.5584305151,0.3321412606,0.4271781534,0.5078483613,0.7452248288,0.3888980835
2/19/2021,0.7925202752,0.6065724252,0.5664783771,0.3290617394,0.4057217165,0.5543983428,0.8148902759,0.3934918776
2/22/2021,0.7411307991,0.5777721682,0.5282738095,0.3102369245,0.3975942783,0.4258182018,0.7857219153,0.3549018859
2/23/2021,0.7125341123,0.5628786488,0.5071975219,0.3047732578,0.4001950585,0.4179317972,0.7021514376,0.3122803891
2/24/2021,0.7056539955,0.5439462089,0.5111455296,0.3005513336,0.4076723017,0.3822369714,0.7155096412,0.322331568
2/25/2021,0.6751354883,0.5219845787,0.4746416424,0.2771569066,0.400520156,0.3670128237,0.6740209325,0.2900370898
2/26/2021,0.703347811,0.5180145034,0.5027028669,0.2883325883,0.3793888166,0.3814666873,0.6610325944,0.2841341176
3/1/2021,0.7317907522,0.5388516615,0.5182823129,0.3028858094,0.4135240572,0.4393850626,0.7132139242,0.3104258967
3/2/2021,0.7267940193,0.509638333,0.4953534985,0.2959320519,0.400520156,0.4194373048,0.6959832923,0.2935529867
3/3/2021,0.6826690241,0.484624564,0.4504676871,0.2727363036,0.3878413524,0.4152736643,0.7255597803,0.3119578686
3/4/2021,0.6149056386,0.4659904535,0.4294217687,0.2552029007,0.3693107932,0.4104912083,0.6963021419,0.3041600889
3/5/2021,0.5769689049,0.463902148,0.412627551,0.2538618189,0.4242522757,0.3848480221,0.7018214283,0.3019385174
3/8/2021,0.5640158358,0.4564439141,0.3897594752,0.2277355585,0.4652145644,0.418565054,0.7564244207,0.3667587547
3/9/2021,0.6383902833,0.4815494768,0.4310313411,0.2657825461,0.4775682705,0.42801704,0.7980677715,0.3746965762
3/10/2021,0.6220932467,0.4638103543,0.4269011176,0.2710475339,0.4905721717,0.4167905721,0.8149110011,0.3590288741
3/11/2021,0.6641426759,0.4860244171,0.4536260933,0.3014453882,0.5071521456,0.4192208512,0.8439932723,0.3649424556
3/12/2021,0.6380059192,0.4818019093,0.4406887755,0.2999056276,0.5078023407,0.4223790859,0.8356107165,0.3528139906
3/15/2021,0.6439635623,0.4858408298,0.4396562196,0.2941936125,0.5269830949,0.4204319066,0.8112617675,0.3566417986
3/16/2021,0.6276665257,0.4759959611,0.4333090379,0.2886802762,0.5354356307,0.4383405062,0.8299989637,0.3606605727
3/17/2021,0.6727139947,0.4689278502,0.4428753644,0.2925545125,0.5273081925,0.4525322969,0.8620162454,0.3646708594
3/18/2021,0.6042203175,0.4244767762,0.4212524295,0.270699846,0.5071521456,0.4345555771,0.8415684211,0.3544138616
3/19/2021,0.6212092094,0.4228703874,0.4314261419,0.2770078975,0.5130039012,0.4419739762,0.8480362851,0.3609724839
3/22/2021,0.6254372141,0.4379933909,0.4346149174,0.282322555,0.555916775,0.4103938167,0.7850539254,0.3343136256
3/23/2021,0.6057193374,0.4383605654,0.4357993197,0.2803854368,0.5464889467,0.4122167304,0.7927493603,0.3314321604
3/24/2021,0.5711265711,0.4323939783,0.4118075802,0.2578353946,0.5347854356,0.3957651984,0.7558313605,0.3131142741
3/25/2021,0.5617480878,0.4380851845,0.4049744898,0.2519743704,0.5627438231,0.4040658013,0.7408135447,0.3142430955
3/26/2021,0.556097936,0.4294336332,0.3956511176,0.2565439825,0.6297139142,0.4201817854,0.8005563925,0.3382241856
3/29/2021,0.5413383557,0.4306269506,0.3834122935,0.2469080614,0.6280884265,0.4480594653,0.8410614503,0.3627590773
3/30/2021,0.5468347619,0.4255324032,0.3835337707,0.2477524462,0.6037061118,0.4702830446,0.8597667615,0.3681549286
3/31/2021,0.5746242841,0.43482651,0.4013909135,0.2699051309,0.6017555267,0.475587368,0.8599835792,0.3835764967
4/1/2021,0.5919975401,0.4485726088,0.4138423226,0.2775045944,0.6105331599,0.4840431381,0.8588102128,0.3951490384
4/5/2021,0.5904216474,0.4554112355,0.4120809038,0.2744250733,0.6245123537,0.5174045054,0.8651330001,0.423129806
4/6/2021,0.6202482992,0.4699834771,0.4331268222,0.2795907217,0.6121586476,0.5287859785,0.8474607616,0.4263125732
4/7/2021,0.6185186609,0.4727143382,0.4267492711,0.2688620673,0.6037061118,0.4996497373,0.8146383847,0.39600202
4/8/2021,0.6551101203,0.483454195,0.4424501944,0.2803357671,0.6082574772,0.5261946049,0.8475452567,0.4191067882
4/9/2021,0.652150517,0.4978199009,0.441994655,0.2729846521,0.6141092328,0.5350025654,0.8487058692,0.415868853
4/12/2021,0.6571856863,0.5112447219,0.4521379981,0.267272637,0.5972041612,0.6293012411,0.8772987063,0.4317932984
4/13/2021,0.7046930853,0.5216633009,0.4772534014,0.3064123578,0.600130039,0.6552383654,0.9363193598,0.4655178999
4/14/2021,0.6733674136,0.5241417294,0.4643160836,0.2913127701,0.5907022107,0.640673964,0.9209555922,0.4936365874
4/15/2021,0.692201253,0.5457132366,0.4750364431,0.3087965033,0.599479844,0.6910832945,0.9307203609,0.5113688445
4/16/2021,0.7002728985,0.537153479,0.4646197765,0.2896736701,0.6371911573,0.6837470522,0.9018676615,0.492384699
4/19/2021,0.693239036,0.5378648798,0.4599125364,0.2850047186,0.638816645,0.7169289724,0.8100979665,0.4366183735
4/20/2021,0.6672175885,0.521892785,0.4451530612,0.2804847762,0.6043563069,0.8206117717,0.8220883054,0.4715694013
4/21/2021,0.6817081139,0.5141132734,0.4452745384,0.2873888641,0.6089076723,0.7687628407,0.7804098811,0.4777630663
4/22/2021,0.7061536688,0.5053928768,0.457148931,0.295584364,0.5949284785,0.7005265489,0.7468158883,0.4867278607
4/23/2021,0.7160318253,0.5182669359,0.4578474247,0.3317935727,0.6082574772,0.7147515158,0.7368438673,0.4793417189
4/26/2021,0.7359034477,0.5252662016,0.4773748785,0.3419261908,0.599479844,0.8222710731,0.7837338881,0.5151563375
4/27/2021,0.7235269247,0.5184046264,0.4750668124,0.3531018725,0.5907022107,0.8228643298,0.8001466708,0.5409728234
4/28/2021,0.7196448476,0.5222599596,0.4735179786,0.3488799483,0.5822496749,0.8473934186,0.7977122542,0.561255538
4/29/2021,0.6861667371,0.5107628052,0.4487973761,0.3425718969,0.5936280884,0.8324818955,0.776821229,0.5628893585
4/30/2021,0.6745589422,0.5067238847,0.4498906706,0.3418268514,0.5757477243,0.8641913846,0.845399399,0.5664031335
5/3/2021,0.6615290003,0.4968331191,0.4284803207,0.3384493121,0.5842002601,0.8422709728,0.8344357558,0.7061287366
5/4/2021,0.633355114,0.4888470718,0.4129616132,0.3192271395,0.5692457737,0.7710659275,0.7713736837,0.6651240855
5/5/2021,0.6158665488,0.4787038737,0.4033041788,0.313415785,0.58289987,0.8553173714,0.8395070585,0.7265005687
5/6/2021,0.5921512857,0.4701211676,0.38827138,0.263994437,0.6254876463,0.8668715908,0.8224310687,0.7195260647
5/7/2021,0.6002613676,0.4813658895,0.3942541302,0.2766602096,0.6576723017,0.9439025199,0.8375429451,0.7180131894
5/10/2021,0.5941115425,0.4790710483,0.3834730321,0.2630010431,0.6488946684,0.906790344,0.8122326645,0.8154504252
5/11/2021,0.6230157205,0.4838672664,0.398414723,0.2750211096,0.6381664499,0.9342615425,0.8273955568,0.8643801667
5/12/2021,0.6006072952,0.4647282908,0.378340622,0.2670739582,0.5981794538,0.7999334036,0.7116977944,0.7894429733
5/13/2021,0.579428835,0.439003121,0.3687439261,0.2519743704,0.6271131339,0.8223492818,0.7148177376,0.7683666887
5/14/2021,0.605873083,0.4686983661,0.3821671526,0.280037749,0.6404421326,0.8440027503,0.7190775681,0.8433102477
5/17/2021,0.5977630011,0.4663576281,0.3759110787,0.2733820096,0.6417425228,0.6833740698,0.617347012,0.6741589007
5/18/2021,0.6294730369,0.4762024968,0.3856899903,0.280683455,0.6414174252,0.6852640313,0.6058142223,0.6940108808
5/19/2021,0.6368912634,0.465852763,0.3805575802,0.2725376248,0.6264629389,0.378372498,0.5114969191,0.4991533839
5/20/2021,0.6573394319,0.4819395998,0.3985362002,0.2909650822,0.638816645,0.552931677,0.5702003173,0.5663161379
5/21/2021,0.6825921513,0.527515146,0.3965621963,0.2924551731,0.6251625488,0.4977143239,0.5178691282,0.4906872231
5/24/2021,0.6970058039,0.5322654672,0.4096817298,0.3127204093,0.6563719116,0.4952303971,0.5423854732,0.5400413335
5/25/2021,0.6912787793,0.5335505783,0.4046404276,0.3162469577,0.6537711313,0.4760451736,0.5315685008,0.5470922239
5/26/2021,0.7185686282,0.5397237011,0.4698129252,0.3176873789,0.6407672302,0.5244011998,0.5489968195,0.5906685509
5/27/2021,0.7295230042,0.5385533321,0.4699951409,0.3322406,0.6410923277,0.4843813577,0.5372567775,0.5595389656
5/28/2021,0.7269862013,0.5293510189,0.4698129252,0.3285153728,0.6404421326,0.5101115853,0.4912419989,0.4915104989
6/1/2021,0.7266787101,0.5226959794,0.4624331876,0.3335320121,0.6313394018,0.5179732346,0.5074156444,0.5364723906
6/2/2021,0.7209516854,0.516545805,0.4611273081,0.3374559181,0.6423927178,0.5805817917,0.52171286,0.5517284548
6/3/2021,0.703347811,0.5015375436,0.439595481,0.327819997,0.6544213264,0.6128022617,0.5482267977,0.5836325135
6/4/2021,0.6685244263,0.5158114558,0.4443027211,0.3335816818,0.6784785436,0.5660116893,0.5116850404,0.5480300793
6/7/2021,0.701080063,0.5135625115,0.4653486395,0.3472905181,0.6736020806,0.481374852,0.4579668556,0.5275691297
6/8/2021,0.70004228,0.5066091426,0.4711795432,0.3668603785,0.6804291287,0.4924296428,0.4553092442,0.5101275653
6/9/2021,0.6954683476,0.5044290435,0.4752490282,0.3685988179,0.6768530559,0.5361110337,0.5183840703,0.53150303
6/10/2021,0.7517776838,0.527515146,0.5023384354,0.3851884965,0.7096879064,0.4944237873,0.5075591267,0.5019202696
6/11/2021,0.7620402045,0.5352946576,0.5110847911,0.3878209904,0.7012353706,0.4673938916,0.518015799,0.4772410925
6/14/2021,0.7707268325,0.5392188361,0.5221392128,0.3959668206,0.6817295189,0.5392975595,0.5687240437,0.5254960873
6/15/2021,0.7507783372,0.5238204516,0.5098700194,0.3848408086,0.6693758127,0.5480764571,0.5641278268,0.5184154912
6/16/2021,0.7731867625,0.5299247292,0.5246902332,0.3915958873,0.6589726918,0.510452554,0.5339758153,0.4800398058
6/17/2021,0.8006303571,0.5495915183,0.5334062196,0.4210500174,0.6479193758,0.5428769331,0.5298897578,0.4810731442
6/18/2021,0.8144674636,0.5487653754,0.5439139942,0.4259673173,0.6134590377,0.5154190807,0.4927916079,0.4505695031
6/21/2021,0.7866779413,0.5469983477,0.5372631195,0.4229871355,0.6495448635,0.3799210075,0.42647727,0.3775992599
6/22/2021,0.8594380597,0.5342849275,0.5469812925,0.4303879203,0.6521456437,0.3754117584,0.4413069645,0.3725280508
6/23/2021,0.8451781527,0.5411465027,0.5447035957,0.4361992748,0.6358907672,0.4135322194,0.459416027,0.395140551
6/24/2021,0.8482530653,0.5508077841,0.5470724004,0.4403218596,0.6365409623,0.427554693,0.4750444397,0.3994839673
6/25/2021,0.8464849906,0.5576234625,0.5446428571,0.4416629414,0.6456436931,0.3634602262,0.4262939315,0.363569622
6/28/2021,0.8535957259,0.5642785019,0.5520225948,0.447623305,0.6423927178,0.4007132707,0.4724729177,0.4196372494
6/29/2021,0.8613983165,0.5578529466,0.5525388727,0.4553717777,0.6407672302,0.409678201,0.4949677563,0.437117007
6/30/2021,0.839066764,0.5472507802,0.5362001944,0.4466299111,0.6436931079,0.4216866169,0.4816621629,0.4597804315
7/1/2021,0.8384902179,0.5464246374,0.5290937804,0.4394278051,0.6579973992,0.3864466446,0.4570294378,0.42649293
7/2/2021,0.8439866241,0.5513126492,0.5323129252,0.4475239656,0.6612483745,0.3971491975,0.4615013033,0.4349590908
7/6/2021,0.8916093324,0.5950982192,0.5633503401,0.4619778473,0.6430429129,0.4210665064,0.4663940503,0.4701477653
7/7/2021,0.9013721797,0.5838305489,0.5721574344,0.4590970049,0.6521456437,0.4058972531,0.4626730755,0.4681893025
7/8/2021,0.8854979437,0.5827290252,0.5699404762,0.4612328019,0.6521456437,0.3840453812,0.4463415995,0.426671165
7/9/2021,0.8895337664,0.5912887828,0.5718233722,0.4621765261,0.6677503251,0.4007507042,0.4618073989,0.4336774966
7/12/2021,0.8793481185,0.5873646044,0.5723700194,0.4537823474,0.6511703511,0.3869138362,0.4501199672,0.4086397277
7/13/2021,0.8769266249,0.5861483385,0.5699708455,0.4499577808,0.6540962289,0.3804021481,0.4419319097,0.3875082752
7/14/2021,0.8502901949,0.5822471085,0.5618622449,0.4393781354,0.6791287386,0.3791661305,0.4457389738,0.4006085451
7/15/2021,0.8313410462,0.5857811639,0.5460702138,0.4308846173,0.6648244473,0.3646202084,0.4306302859,0.3844740371
7/16/2021,0.8338778491,0.5868367909,0.5516885326,0.4308349476,0.666449935,0.3564651397,0.4228583272,0.3757574986
7/19/2021,0.835569051,0.5894529099,0.5573068513,0.4450404808,0.6456436931,0.3479915379,0.4142637364,0.363336219
7/20/2021,0.8426413499,0.6159583257,0.5758321186,0.4557691353,0.6625487646,0.3344407857,0.3974906537,0.3565484375
7/21/2021,0.8476765192,0.5949146319,0.5817541302,0.4649083594,0.6723016905,0.3641230603,0.4348789567,0.4006467383
7/22/2021,0.8841526694,0.6099228933,0.5955114189,0.4860179804,0.6937581274,0.3666226114,0.4373532295,0.4067152145
7/23/2021,0.9069070223,0.6174040756,0.6050170068,0.5032533651,0.716189857,0.3808087021,0.4569800161,0.4285405103
7/26/2021,0.8910327863,0.6113686433,0.5922619048,0.5007202106,0.7239921977,0.4126886102,0.5166256148,0.4502915415
7/27/2021,0.8641657378,0.6079722783,0.5877368805,0.4944618288,0.7178153446,0.4302892246,0.5521135742,0.4642766207
7/28/2021,0.8862282354,0.6124472187,0.5993075802,0.5157204589,0.7012353706,0.4493778792,0.560824545,0.4653587615
7/29/2021,0.8725833109,0.6113915917,0.5998845967,0.5188993195,0.7109882965,0.4644723745,0.5607990371,0.482634822
7/30/2021,0.8479071376,0.6115063338,0.5964832362,0.5101574529,0.7207412224,0.4678523055,0.5943404198,0.5013240312
8/2/2021,0.8490602298,0.6144207821,0.6059888241,0.5099587742,0.7233420026,0.4444064439,0.5467058852,0.5308919387
8/3/2021,0.8507129953,0.6098540481,0.6182276482,0.5148264044,0.7493498049,0.4281981237,0.5314313955,0.5097138056
8/4/2021,0.888649729,0.6213282541,0.6329871234,0.5169622014,0.7311443433,0.4721017466,0.5559525233,0.5558766614
8/5/2021,0.8940692624,0.6220396549,0.6321975219,0.5242139771,0.733420026,0.4890815715,0.5744330456,0.5769677989
8/6/2021,0.8753122958,0.582384799,0.6151299806,0.5111011772,0.727893368,0.5123491457,0.606011909,0.5914069529
8/9/2021,0.8861513626,0.5872498623,0.6242103984,0.5339989073,0.7239921977,0.5266148084,0.66133869,0.6484888221
8/10/2021,0.8442941154,0.5609050854,0.6104227405,0.5441315254,0.7285435631,0.5189112127,0.6493276259,0.6440287043
8/11/2021,0.7951339509,0.5344685148,0.6018282313,0.5120449014,0.7366710013,0.5244290383,0.6487999299,0.6487010066
8/12/2021,0.8179651766,0.5425463558,0.6178328474,0.5280385437,0.7539011704,0.4984577104,0.6313907422,0.6240600227
8/13/2021,0.8102778952,0.5541123554,0.6245444606,0.5256543983,0.7565019506,0.5341324386,0.6852125531,0.6828987795
8/16/2021,0.7752623285,0.5455755462,0.6193209427,0.5188496498,0.7503250975,0.5222035389,0.6539222485,0.6457176928
8/17/2021,0.7679209747,0.5351340187,0.6133685617,0.5161674862,0.7415474642,0.4972783681,0.6347402572,0.6153434842
8/18/2021,0.7716877426,0.5273086102,0.6166180758,0.5017136045,0.7135890767,0.4899843062,0.637388303,0.6203743783
8/19/2021,0.7762232387,0.5285478245,0.6237244898,0.5077733075,0.7825097529,0.5144436236,0.668128592,0.6531292967
8/20/2021,0.7874466695,0.5390123003,0.628340622,0.5167635226,0.8133940182,0.5544697537,0.7084726307,0.6748506221
8/23/2021,0.8178883038,0.5507389389,0.6417334791,0.5377241345,0.8237971391,0.6340813563,0.7118221457,0.6826038431
8/24/2021,0.8941076988,0.7097714338,0.6634778912,0.5369294194,0.8491547464,0.6123180709,0.6825007373,0.6497576853
8/25/2021,0.9109044087,0.7216587112,0.6788447522,0.533055183,0.850130039,0.624682118,0.7035448103,0.6625290693
8/26/2021,0.9446131376,0.7455021113,0.6908102527,0.521432474,0.8452535761,0.5754761179,0.6730006138,0.6374658383
8/27/2021,0.9582196256,0.7543143015,0.7113398931,0.534694283,0.8394018205,0.6266519333,0.704982822,0.6706111762
8/30/2021,0.9738248069,0.7486460437,0.7248238581,0.5339492376,0.8429778934,0.5533692887,0.6717618831,0.6626351615
8/31/2021,0.9531844563,0.7537635396,0.7253401361,0.5206377589,0.8394018205,0.5632774117,0.6760264964,0.7083354552
9/1/2021,0.9107890994,0.7520653571,0.7203899417,0.5510356132,0.8400520156,0.6008636088,0.7011932946,0.7874293426
9/2/2021,0.9211669293,0.7572287498,0.7370626822,0.5597278101,0.8559817945,0.6001309123,0.7091406206,0.7823390369
9/3/2021,0.9425375716,0.7702404994,0.7528547133,0.5688173645,0.8524057217,0.6024018863,0.7200883213,0.8135089372
9/7/2021,0.9096744436,0.7574352855,0.7391885326,0.572989619,0.8348504551,0.5095090259,0.6701803892,0.7067589245
9/8/2021,0.8925702425,0.7645263448,0.7323858115,0.5575920131,0.8283485046,0.4981416081,0.6570916135,0.7162563019
9/9/2021,0.8923011877,0.7662933725,0.7310495627,0.5566482889,0.8257477243,0.5083803244,0.6607025851,0.7031454228
9/10/2021,0.8801552831,0.7740958326,0.7019557823,0.5541151344,0.8026657997,0.4805559699,0.6376083092,0.6585633413
9/13/2021,0.8495214667,0.7883697448,0.693452381,0.5403069587,0.8094928479,0.5119558557,0.6400602626,0.6759518596
9/14/2021,0.8620901718,0.8083578116,0.7176263362,0.5505389162,0.8020156047,0.5247406252,0.6724872659,0.7034679432
9/15/2021,0.8708152362,0.7971360382,0.7104591837,0.5594297919,0.7919375813,0.5252380668,0.6898805111,0.7445638336
9/16/2021,0.8906868586,0.8084725537,0.7133442663,0.583966622,0.7844603381,0.5140959282,0.6846402181,0.7346951333
9/17/2021,0.8843448514,0.7889434551,0.7172011662,0.5736353251,0.7688556567,0.5111177448,0.6756088034,0.6983309569
9/20/2021,0.8630895184,0.7843996695,0.6999514091,0.5526747132,0.7376462939,0.4434117654,0.6082980606,0.6092283275
9/21/2021,0.849828958,0.7812786855,0.7070881924,0.5686186857,0.7171651495,0.4100371058,0.5711536775,0.5630230347
9/22/2021,0.871929892,0.7880255186,0.7233965015,0.6012516764,0.7256176853,0.4721964472,0.6172609226,0.6307459558
9/23/2021,0.8812699389,0.8045024784,0.7304421769,0.5947946158,0.7636540962,0.4809344875,0.6380578871,0.6466109895
9/24/2021,0.8791943729,0.821300716,0.730351069,0.568420007,0.7649544863,0.4471303729,0.6055527656,0.5993193122
9/27/2021,0.8468693547,0.8111345695,0.708302964,0.5309193861,0.7483745124,0.4490730185,0.5948872468,0.5985851539
9/28/2021,0.8027443595,0.7888975583,0.6658163265,0.4825907714,0.7256176853,0.4384373925,0.576988625,0.5731315035
9/29/2021,0.7939424223,0.7813704792,0.6662414966,0.4789152138,0.7243172952,0.4477484218,0.5845310121,0.5818501638
9/30/2021,0.817811431,0.7949788875,0.6763848397,0.4804549744,0.6901820546,0.4848898781,0.6212353827,0.6141382764
10/1/2021,0.831225737,0.8122131449,0.679239553,0.4920280137,0.7132639792,0.5006161013,0.6903476258,0.6790115598
10/4/2021,0.7912903102,0.7732696897,0.6449222546,0.4957532409,0.683680104,0.5158761587,0.7065898239,0.6956298484
10/5/2021,0.8145059,0.787153479,0.6650874636,0.5447275617,0.6986345904,0.5302155598,0.7434105746,0.7233814568
10/6/2021,0.8271130415,0.8113411052,0.6825498056,0.5837182735,0.6742522757,0.564121876,0.8048943412,0.7362292271
10/7/2021,0.8335703578,0.8286671562,0.6996477162,0.6010033279,0.7093628088,0.5453528831,0.7798726196,0.7389154827
10/8/2021,0.8148133912,0.8266247476,0.6898688047,0.6146128247,0.711313394,0.5451556119,0.7828825597,0.7336808915
10/11/2021,0.8123534612,0.8427345328,0.6930272109,0.6375105548,0.7064369311,0.5428391057,0.8390574806,0.7291252907
10/12/2021,0.8445631702,0.8551955205,0.72345724,0.6706402424,0.6853055917,0.5424006986,0.8154626109,0.7181426219
10/13/2021,0.9125956106,0.8534743896,0.7505466472,0.7128098147,0.6963589077,0.5378844641,0.8372910539,0.7408060464
10/14/2021,0.9340046892,0.8500091794,0.7725643829,0.7418665872,0.7298439532,0.5173896423,0.8370184375,0.7820610752
10/15/2021,0.9228581312,0.861185056,0.7689504373,0.7538369841,0.716840052,0.5374701529,0.9060764761,0.7983122846
10/18/2021,0.9699042933,0.8779832936,0.7950983965,0.8188049471,0.7148894668,0.4984496857,0.9107874788,0.7715070191
10/19/2021,0.9583733713,0.8718331191,0.7851372692,0.7796652262,0.7327698309,0.4949058216,0.9476672167,0.80004371
10/20/2021,0.9621401391,0.8705250597,0.7840439747,0.7923806686,0.7477243173,0.506568056,0.9750516138,0.8602680314
10/21/2021,0.9650997425,0.8615292822,0.8084001458,0.8249143198,0.7311443433,0.5290905811,0.9143601884,0.8376640186
10/22/2021,0.9623707576,0.8526482467,0.8150206511,0.8216857895,0.7122886866,0.5205307867,0.8900766036,0.8203497649
10/25/2021,0.9497251797,0.8380530567,0.8251336249,0.8617195649,0.7132639792,0.5661683191,0.9268877889,0.87210156
10/26/2021,0.9765537918,0.8123049385,0.8376457726,0.8416033378,0.7350455137,0.5515593528,0.8860830125,0.8541231688
10/27/2021,0.9454971749,0.8267853865,0.8217930029,0.8082749714,0.7470741222,0.4966462372,0.8544898008,0.8104068001
10/28/2021,0.9538378752,0.8394758583,0.8407434402,0.8350966076,0.7490247074,0.5221668101,0.8888091765,0.8873915737
10/29/2021,0.9562593689,0.8640306591,0.8483965015,0.8880941737,0.7402470741,0.5247430374,0.9151126735,0.9142923223
11/1/2021,0.9077141869,0.8622406829,0.8478498542,0.8858093677,0.744473342,0.530578323,0.894251939,0.8946864762
11/2/2021,0.9036783641,0.8625849091,0.8696853741,0.8764217951,0.7938881664,0.5395291076,0.9293684387,0.9522330295
11/3/2021,0.9134027751,0.8407839178,0.8746355685,0.8887398798,0.794863459,0.5192119411,0.9269244566,0.9554094312
11/4/2021,0.9478802322,0.8290113824,0.8879980564,0.9197337704,0.77763329,0.5073173847,0.9016157703,0.9403358456
11/5/2021,0.9240880962,0.8288966404,0.9080114189,0.9007102767,0.7760078023,0.4982855869,0.8962224295,0.9293552987
11/8/2021,0.9606026829,0.8828713053,0.9434827502,0.96398947,0.7737321196,0.5387900992,1,1
11/9/2021,1,0.8714429961,0.9508928571,0.9371678339,0.7880364109,0.5688577152,0.9897234777,0.98145932
11/10/2021,0.9553368951,0.8413117312,0.9038204568,0.8912730343,0.7987646294,0.5232809813,0.9584538983,0.960374548
11/11/2021,0.9528769651,0.8612539012,0.9235908649,0.895743307,0.7659297789,0.51776569,0.9559716543,0.9793968868
11/12/2021,0.9658684706,0.878006242,0.9401421283,0.937962549,0.7678803641,0.5054090747,0.9475604021,0.9685139448
11/15/2021,0.8499827036,0.8846153846,0.9302113703,0.9471017732,0.7825097529,0.5234785898,0.9402571522,0.9480636044
11/16/2021,0.8821155398,0.9008628603,0.9543549563,0.9747677942,0.7737321196,0.4640622254,0.8808347482,0.8736611159
11/17/2021,0.9100588077,0.8747475675,0.9611880466,0.9729300154,0.7659297789,0.4652247474,0.8854102399,0.8871624145
11/18/2021,0.8906099858,0.8890444281,0.9904944121,1,0.6641742523,0.4306967303,0.8296609832,0.8218944679
11/19/2021,0.8633585732,0.9127960345,1,0.9691551185,0.6518205462,0.4578551852,0.849077329,0.8896067797
11/22/2021,0.7942114771,0.9348724068,0.9243197279,0.8470173347,0.6957087126,0.4437223809,0.8219623598,0.845137156
11/23/2021,0.7593880924,0.9189462089,0.9007835277,0.8380767894,0.7184655397,0.4526943028,0.8403233135,0.8986352294
11/24/2021,0.7601183841,0.9572700569,0.9200983965,0.9013559827,0.7262678804,0.470199324,0.8338793633,0.8836953201
11/26/2021,0.7673059922,0.919451074,0.9031827017,0.9149158099,0.6979843953,0.4316207476,0.7786864991,0.8354827621
11/29/2021,0.7362878118,0.9606205251,0.9609450923,0.8700640739,0.733420026,0.4521295645,0.8453005556,0.9214705233
11/30/2021,0.7077295614,0.9508903984,0.9337645773,0.8559082104,0.7035110533,0.4572749921,0.8322038087,0.9604233505
12/1/2021,0.6476150209,0.9077932807,0.8464224976,0.7365519297,0.7096879064,0.440374981,0.8341583566,0.9492497157
12/2/2021,0.6777876004,0.9241784469,0.8882106414,0.7472805841,0.7460988296,0.4587555987,0.8229890555,0.9344413607
12/3/2021,0.6305108198,0.89104094,0.8316630224,0.7141012268,0.7486996099,0.4258163806,0.7782385154,0.8760227292
12/6/2021,0.6215167006,0.8459702589,0.7132531584,0.654497591,0.7724317295,0.3762345067,0.7285681262,0.901211149
12/7/2021,0.6584540877,0.8969386818,0.7843172983,0.6970148512,0.8088426528,0.3881410766,0.7293237997,0.8912830371
12/8/2021,0.6771341815,0.9134615385,0.8269861516,0.7178264541,0.7743823147,0.3944606372,0.7279734717,0.9196393713
12/9/2021,0.6467309836,0.9063475308,0.8003522838,0.6669646848,0.7916124837,0.3490929434,0.6850037066,0.8557018214
12/10/2021,0.6364684629,0.9162612447,0.8085823615,0.6186857398,0.8468790637,0.3503727522,0.6713601326,0.8038884928
12/13/2021,0.6367759542,0.9233064072,0.8170553936,0.6412854517,0.8260728218,0.3369200211,0.6688667288,0.7817364329
12/14/2021,0.6368912634,0.8718560676,0.7435617104,0.5765658372,0.7987646294,0.3437292879,0.6940542523,0.7966445146
12/15/2021,0.6830149518,0.9356297044,0.8131073858,0.6115829732,0.8689856957,0.3459110682,0.7019091119,0.8305558385
12/16/2021,0.6429257793,0.8975812374,0.7766946064,0.5759201311,0.8813394018,0.3438248452,0.6819730413,0.8172200438
12/17/2021,0.6614521275,0.9123370663,0.8059098639,0.5894302886,0.8862158648,0.3321728391,0.6583957083,0.799769992
12/20/2021,0.6660260599,0.9110749036,0.809159378,0.5760194705,0.8829648895,0.3479485068,0.670519964,0.811938772
12/21/2021,0.6814774955,0.9295254268,0.8500971817,0.6378582427,0.9047464239,0.3481100466,0.7030266797,0.8304730865
12/22/2021,0.6710612292,0.9688360565,0.857962828,0.6004569612,0.9210013004,0.349534607,0.6983045173,0.822221232
12/23/2021,0.6861283007,0.9849458417,0.8609693878,0.6027417672,0.9453836151,0.3947338603,0.7320276443,0.8502210962
12/27/2021,0.6789022562,1,0.881893829,0.6110366066,0.9824447334,0.4191257073,0.7311316769,0.8346785829
12/28/2021,0.6696390821,0.9916697265,0.86601069,0.581185119,0.9860208062,0.3922218963,0.6820001435,0.7824472509
12/29/2021,0.6682553715,0.9891224527,0.861516035,0.5830228977,1,0.4035826935,0.6634319376,0.7477593319
12/30/2021,0.6762501441,0.9841196989,0.865798105,0.5825262008,0.988946684,0.4280842633,0.6738073032,0.764698019
12/31/2021,0.6601068532,0.9734257389,0.8558977162,0.5740823524,0.9808192458,0.4360024513,0.6590286247,0.7582815603
1/3/2022,0.6354306799,0.9446254819,0.7966775996,0.5475587344,0.9739921977,0.441579763,0.662862791,0.7756700786
1/4/2022,0.600299804,0.8982467413,0.7351797862,0.4919286743,0.9118985696,0.421775103,0.6529641055,0.7822605286
1/5/2022,0.5622477611,0.8543234808,0.6767189018,0.4471762778,0.8803641092,0.3868480288,0.6164366964,0.7275572474
1/6/2022,0.5937656148,0.9186937764,0.6702806122,0.4376893657,0.9011703511,0.3810552451,0.6094267881,0.7007328852
1/7/2022,0.5995310758,0.9016660547,0.6742893586,0.4523915959,0.9079973992,0.359080801,0.5852165387,0.6545382017
1/10/2022,0.6130222547,0.8950569121,0.7171707969,0.4710177321,0.9304291287,0.3348314225,0.58932651,0.6317623194
1/11/2022,0.6268977976,0.9029511658,0.7228802235,0.4878557592,0.9483094928,0.3565703298,0.6032267579,0.6640652849
1/12/2022,0.5956105623,0.9166513677,0.7120991254,0.4870113744,0.9401820546,0.370274215,0.6227881802,0.6933234031
1/13/2022,0.5453741784,0.8399577749,0.6407009232,0.4125564993,0.9200260078,0.4232813791,0.6014220692,0.6653659758
1/14/2022,0.5522927317,0.8411281439,0.6536686103,0.4190632295,0.9154746424,0.438716712,0.6096707081,0.6807069138
1/18/2022,0.537494715,0.8486093262,0.6672133139,0.3859832116,0.8624837451,0.382113836,0.5980438578,0.6481641799
1/19/2022,0.5484875274,0.8881723885,0.6487184159,0.3894104207,0.8355006502,0.3759291472,0.58751385,0.6330311826
1/20/2022,0.5414921013,0.8883100789,0.641308309,0.3848904783,0.8088426528,0.3478283911,0.5705733713,0.6137966594
1/21/2022,0.5062843525,0.8056040022,0.6147959184,0.3607510058,0.7633289987,0.311368742,0.5037791648,0.5226103784
1/24/2022,0.5160471999,0.852831834,0.618622449,0.3842447723,0.7704811443,0.2546715515,0.5076786953,0.4956990206
1/25/2022,0.4826843987,0.786878098,0.5751336249,0.3420255302,0.7447984395,0.2497871535,0.5118667846,0.4996562611
1/26/2022,0.4917169543,0.7886451258,0.5689686589,0.3186311032,0.7194408322,0.2581417197,0.5098962942,0.500519852
1/27/2022,0.4873736403,0.8092527997,0.5575194363,0.319972185,0.6963589077,0.2492180227,0.5154394943,0.4922107077
1/28/2022,0.5223123342,0.8343813108,0.6049562682,0.3390453484,0.7285435631,0.2584986263,0.524265251,0.5178341057
1/31/2022,0.567436676,0.8831007894,0.6608661322,0.3997417176,0.7304941482,0.2555910646,0.5362221106,0.5482061924
