Dates,Crowdstrike,Palo Alto Networks,Zscaler,Cloudflare,Cisco
1/2/2020 16:00:00,0.06315101664,0.2359785203,0.02377915452,0.005513336314,0.4947984395
1/3/2020 16:00:00,0.06818618596,0.2392371948,0.02393100097,0.006208712065,0.4691157347
1/6/2020 16:00:00,0.08494445939,0.2471085001,0.02793974733,0.008791536284,0.4746423927
1/7/2020 16:00:00,0.08356074874,0.2502753809,0.02702866861,0.008692196891,0.4645643693
1/8/2020 16:00:00,0.08705846177,0.2432302185,0.0341654519,0.009238563552,0.4655396619
1/9/2020 16:00:00,0.08813468117,0.2466724803,0.04403547133,0.005463666617,0.4590377113
1/10/2020 16:00:00,0.09297766845,0.2416238296,0.04707240039,0.007748472657,0.4528608583
1/13/2020 16:00:00,0.09978091248,0.2486230953,0.06110301263,0.01211940595,0.4801690507
1/14/2020 16:00:00,0.1008186955,0.2465118414,0.06086005831,0.01380817563,0.4743172952
1/15/2020 16:00:00,0.1047007726,0.2481182302,0.06222667638,0.01455322108,0.4814694408
1/16/2020 16:00:00,0.1123496176,0.2539930237,0.06778425656,0.01509958774,0.5152795839
1/17/2020 16:00:00,0.1170004228,0.2512621627,0.06052599611,0.01331147867,0.5143042913
1/21/2020 16:00:00,0.1123496176,0.2539241784,0.06380587949,0.01033129688,0.5071521456
1/22/2020 16:00:00,0.113618019,0.255071599,0.06201409135,0.01057964536,0.5156046814
1/23/2020 16:00:00,0.1096975055,0.2577565632,0.06016156463,0.01117568172,0.5136540962
1/24/2020 16:00:00,0.1008571319,0.2531668809,0.05557580175,0.009188893856,0.5087776333
1/27/2020 16:00:00,0.09628319945,0.2415779328,0.05023080661,0.009437242338,0.4639141743
1/28/2020 16:00:00,0.1001652765,0.2444923811,0.05162779397,0.01072865445,0.4736671001
1/29/2020 16:00:00,0.104739209,0.2408894804,0.05354105928,0.008294839319,0.450260078
1/30/2020 16:00:00,0.1131567821,0.241922159,0.05524173955,0.01192072716,0.4564369311
1/31/2020 16:00:00,0.1079294308,0.2345327703,0.05038265306,0.009635921125,0.4151495449
2/3/2020 16:00:00,0.1078909943,0.2372636314,0.05259961127,0.008791536284,0.4333550065
2/4/2020 16:00:00,0.1174232233,0.2469478612,0.05885568513,0.009983609,0.4687906372
2/5/2020 16:00:00,0.1107352885,0.2503212778,0.05773202138,0.01033129688,0.4957737321
2/6/2020 16:00:00,0.1121574355,0.2604415274,0.05739795918,0.009188893856,0.5035760728
2/7/2020 16:00:00,0.1117730715,0.2598678171,0.05912900875,0.01117568172,0.4801690507
2/10/2020 16:00:00,0.1164238767,0.2637690472,0.06480806608,0.01202006656,0.5094278283
2/11/2020 16:00:00,0.1236883576,0.2621856068,0.06505102041,0.01216907565,0.5178803641
2/12/2020 16:00:00,0.1232655571,0.2573434918,0.06371477162,0.009437242338,0.5438881664
2/13/2020 16:00:00,0.1241495945,0.2593859005,0.06802721088,0.01067898475,0.4590377113
2/14/2020 16:00:00,0.1223815198,0.2631494401,0.06866496599,0.009089554463,0.4476592978
2/18/2020 16:00:00,0.1269554522,0.2676702772,0.07397959184,0.00784781205,0.4353055917
2/19/2020 16:00:00,0.1269170158,0.2664999082,0.0779579689,0.01038096657,0.4255526658
2/20/2020 16:00:00,0.116731368,0.2674866899,0.07798833819,0.02175532707,0.4437581274
2/21/2020 16:00:00,0.1073144482,0.253396365,0.04558430515,0.02533154522,0.4258777633
2/24/2020 16:00:00,0.09636007226,0.2403846154,0.03753644315,0.01932151195,0.3511053316
2/25/2020 16:00:00,0.09505323442,0.1477418763,0.03313289602,0.02170565738,0.3101430429
2/26/2020 16:00:00,0.09782065573,0.1308059482,0.03592687075,0.03074554214,0.2912873862
2/27/2020 16:00:00,0.09413076066,0.126170369,0.03109815355,0.0299011573,0.22236671
2/28/2020 16:00:00,0.1023561517,0.1194235359,0.03793124393,0.02672229673,0.2187906372
3/2/2020 16:00:00,0.100395895,0.1301404443,0.04033041788,0.03059653306,0.2591027308
3/3/2020 16:00:00,0.09021024715,0.1135028456,0.03592687075,0.03059653306,0.22236671
3/4/2020 16:00:00,0.09297766845,0.1223379842,0.04218294461,0.03367605424,0.2662548765
3/5/2020 16:00:00,0.08805780836,0.1112309528,0.04209183673,0.03690458451,0.2070871261
3/6/2020 16:00:00,0.0728369912,0.1000321278,0.03003522838,0.03402374211,0.210663199
3/9/2020 16:00:00,0.04892954607,0.06012483936,0.01348396501,0.02394079372,0.1547464239
3/10/2020 16:00:00,0.05342660568,0.08006700936,0.02280733722,0.02577857249,0.2236671001
3/11/2020 16:00:00,0.03782142445,0.05725628786,0.01026482021,0.02319574827,0.1251625488
3/12/2020 16:00:00,0.01848791175,0.01828988434,0,0.01609298167,0
3/13/2020 16:00:00,0.02513741015,0.04357903433,0.007258260447,0.01559628471,0.144343303
3/16/2020 16:00:00,0,0.01053332109,0.007045675413,0,0.01657997399
3/17/2020 16:00:00,0.01921820348,0.02060767395,0.02235179786,0.01375850594,0.07477243173
3/18/2020 16:00:00,0.02160126071,0,0.03240403304,0.01877514528,0.1274382315
3/19/2020 16:00:00,0.03355498328,0.01498531302,0.0373845967,0.02369244524,0.1466189857
3/20/2020 16:00:00,0.06149825114,0.02512851111,0.04294217687,0.02880842398,0.07802340702
3/23/2020 16:00:00,0.07087673444,0.03116394346,0.05627429543,0.02726866339,0.0455136541
3/24/2020 16:00:00,0.09347734174,0.06457683128,0.06875607386,0.03223563304,0.1755526658
3/25/2020 16:00:00,0.08751969866,0.07671654122,0.0596149174,0.0285104058,0.1453185956
3/26/2020 16:00:00,0.09851251105,0.0812832752,0.06392735666,0.02821238762,0.2399219766
3/27/2020 16:00:00,0.09908905715,0.06875344226,0.05809645287,0.0300004967,0.1827048114
3/30/2020 16:00:00,0.09497636161,0.07777216817,0.05873420797,0.03958674812,0.2314694408
3/31/2020 16:00:00,0.08713533459,0.07201211676,0.06486880466,0.03755029057,0.1986345904
4/1/2020 16:00:00,0.08290732982,0.07178263264,0.0683005345,0.04072915114,0.1667750325
4/2/2020 16:00:00,0.09101741169,0.07563796585,0.06584062196,0.03546416331,0.2145643693
4/3/2020 16:00:00,0.09536072568,0.06902882321,0.07258260447,0.04053047236,0.1905071521
4/6/2020 16:00:00,0.1001652765,0.0889480448,0.07230928086,0.03834500571,0.2675552666
4/7/2020 16:00:00,0.1022024061,0.09232146135,0.06942419825,0.0341727512,0.2418725618
4/8/2020 16:00:00,0.1049698274,0.1000091794,0.07722910593,0.03437142999,0.27763329
4/9/2020 16:00:00,0.09662912711,0.1039563062,0.07012269193,0.02612626037,0.2600780234
4/13/2020 16:00:00,0.09901218434,0.1156140995,0.06884718173,0.03824566632,0.2607282185
4/14/2020 16:00:00,0.1071607026,0.1270194603,0.08193634597,0.03471911787,0.311443433
4/15/2020 16:00:00,0.1107352885,0.1233936112,0.09250485909,0.03958674812,0.2704811443
4/16/2020 16:00:00,0.1170004228,0.1324352855,0.09375,0.04718621169,0.2698309493
4/17/2020 16:00:00,0.1219587193,0.1396410868,0.08655247813,0.0442556996,0.3016905072
4/20/2020 16:00:00,0.1361417535,0.1416146503,0.09417517007,0.05096110863,0.3036410923
4/21/2020 16:00:00,0.1270707614,0.1237607858,0.07798833819,0.03983509661,0.238946684
4/22/2020 16:00:00,0.1347580428,0.1360381862,0.08324222546,0.04316296627,0.278283485
4/23/2020 16:00:00,0.137986701,0.1365659996,0.08120748299,0.03879203298,0.2737321196
4/24/2020 16:00:00,0.1498635508,0.1396869837,0.08503401361,0.03655689664,0.3029908973
4/27/2020 16:00:00,0.1560133759,0.147558289,0.09405369291,0.04246759052,0.3205461638
4/28/2020 16:00:00,0.1426759427,0.1399164678,0.08266520894,0.03750062087,0.3020156047
4/29/2020 16:00:00,0.1394088481,0.1494400587,0.08239188533,0.03904038146,0.3296488947
4/30/2020 16:00:00,0.1331821501,0.1467091977,0.0837585034,0.03794764814,0.2984395319
5/1/2020 16:00:00,0.1391397932,0.1425096383,0.08306000972,0.03437142999,0.2509752926
5/4/2020 16:00:00,0.155359957,0.1359922893,0.08983236152,0.0384940148,0.2649544863
5/5/2020 16:00:00,0.1482876581,0.1506104278,0.09636175899,0.04266626931,0.2685305592
5/6/2020 16:00:00,0.1515547527,0.1575408482,0.1003401361,0.04485173596,0.2584525358
5/7/2020 16:00:00,0.1632778568,0.1848494584,0.10744655,0.06755078726,0.2656046814
5/8/2020 16:00:00,0.167928662,0.1867541766,0.1048347911,0.0513584662,0.3182704811
5/11/2020 16:00:00,0.1661221509,0.1966219938,0.1137633625,0.06059702975,0.3289986996
5/12/2020 16:00:00,0.1658146596,0.1872360933,0.1122145287,0.06392489942,0.3257477243
5/13/2020 16:00:00,0.1674289887,0.1908389939,0.1082968902,0.05935528734,0.2844603381
5/14/2020 16:00:00,0.1696198639,0.1996282357,0.1096938776,0.06010033279,0.3462288687
5/15/2020 16:00:00,0.1696198639,0.207109418,0.1120323129,0.06740177818,0.3598829649
5/18/2020 16:00:00,0.1656224776,0.2147053424,0.104197036,0.06034868127,0.3855656697
5/19/2020 16:00:00,0.1750393973,0.217023132,0.1085398445,0.06019967218,0.3709362809
5/20/2020 16:00:00,0.1843410078,0.233844318,0.1140670554,0.05776585705,0.3979193758
5/21/2020 16:00:00,0.1829188607,0.2224160088,0.1097242468,0.06019967218,0.3719115735
5/22/2020 16:00:00,0.1891455587,0.2417615201,0.1137026239,0.0612924055,0.3803641092
5/26/2020 16:00:00,0.1781143099,0.2262483936,0.1124271137,0.06044802066,0.3784135241
5/27/2020 16:00:00,0.1728869585,0.2276711952,0.1063836249,0.06094471763,0.4148244473
5/28/2020 16:00:00,0.178690856,0.2221635763,0.1102405248,0.06049769036,0.4031209363
5/29/2020 16:00:00,0.2106315102,0.2356572425,0.1779336735,0.06531565092,0.4752925878
6/1/2020 16:00:00,0.2376523043,0.2426335598,0.21404276,0.07018328118,0.4258777633
6/2/2020 16:00:00,0.2276972749,0.2461905636,0.2024720603,0.07092832663,0.4450585176
6/3/2020 16:00:00,0.2501825729,0.2313888379,0.2062378523,0.06685541151,0.4466840052
6/4/2020 16:00:00,0.2420340547,0.215967505,0.1929968416,0.06233546913,0.444083225
6/5/2020 16:00:00,0.2341545912,0.2267532587,0.1816387269,0.0656633388,0.4756176853
6/8/2020 16:00:00,0.2399200523,0.2414402423,0.1920553936,0.06581234789,0.4853706112
6/9/2020 16:00:00,0.234039282,0.2317330641,0.1946367833,0.06357721154,0.4827698309
6/10/2020 16:00:00,0.2468001691,0.2297136038,0.2011054422,0.06695475091,0.4622886866
6/11/2020 16:00:00,0.2384210324,0.2050211125,0.1918731778,0.06248447822,0.3403771131
6/12/2020 16:00:00,0.2310412423,0.2048604737,0.1912354227,0.06407390851,0.3858907672
6/15/2020 16:00:00,0.2537187224,0.215072517,0.1974611273,0.07480256296,0.394993498
6/16/2020 16:00:00,0.2614828766,0.2205801359,0.1922679786,0.07813043262,0.4317295189
6/17/2020 16:00:00,0.2524503209,0.2218193501,0.2025024295,0.09874335668,0.4216514954
6/18/2020 16:00:00,0.2636737518,0.224320727,0.2233661322,0.1033626385,0.4105981795
6/19/2020 16:00:00,0.2616366222,0.2252386635,0.20976069,0.09973675061,0.3940182055
6/22/2020 16:00:00,0.2767805666,0.2301725721,0.213101312,0.1047037203,0.388816645
6/23/2020 16:00:00,0.273897836,0.221979989,0.2150449466,0.09675656882,0.3988946684
6/24/2020 16:00:00,0.2717069608,0.2084174775,0.208819242,0.09476978096,0.3754876463
6/25/2020 16:00:00,0.2794326786,0.2164494217,0.2189929543,0.09973675061,0.3907672302
6/26/2020 16:00:00,0.252834685,0.2129842115,0.2019557823,0.09740227487,0.4262028609
6/29/2020 16:00:00,0.2501825729,0.2168854415,0.2001032556,0.09531614762,0.4210013004
6/30/2020 16:00:00,0.2586001461,0.2228061318,0.212585034,0.09948840213,0.4369310793
7/1/2020 16:00:00,0.2688242303,0.222094731,0.2186892614,0.1043560324,0.4180754226
7/2/2020 16:00:00,0.2854287581,0.2247796952,0.2147412536,0.1020712263,0.4040962289
7/6/2020 16:00:00,0.2820463543,0.2371259409,0.2286200194,0.1113594596,0.4297789337
7/7/2020 16:00:00,0.2821616635,0.2306085919,0.2257653061,0.1092236626,0.4040962289
7/8/2020 16:00:00,0.3134104624,0.2529832936,0.2470541788,0.1116574778,0.4099479844
7/9/2020 16:00:00,0.3245954568,0.2662015789,0.2669764334,0.1182635474,0.4388816645
7/10/2020 16:00:00,0.3214821079,0.2670736185,0.2611455296,0.1200019868,0.4375812744
7/13/2020 16:00:00,0.281354499,0.248944373,0.2441994655,0.1034619778,0.4138491547
7/14/2020 16:00:00,0.2790483146,0.258743345,0.2518525267,0.1034619778,0.4245773732
7/15/2020 16:00:00,0.2695929585,0.247659262,0.2439868805,0.100332787,0.4291287386
7/16/2020 16:00:00,0.2615597494,0.2404993574,0.2358175413,0.09526647792,0.4089726918
7/17/2020 16:00:00,0.2629818965,0.2460758216,0.2454142371,0.1048030597,0.4405071521
7/20/2020 16:00:00,0.2833147557,0.2731319993,0.26755345,0.1115084687,0.4476592978
7/21/2020 16:00:00,0.2828535189,0.2678997613,0.2610847911,0.1105647444,0.4492847854
7/22/2020 16:00:00,0.2717453972,0.2702863962,0.2599914966,0.1098693687,0.4453836151
7/23/2020 16:00:00,0.2630972057,0.2660179916,0.2549805637,0.1018725476,0.4619635891
7/24/2020 16:00:00,0.2576007995,0.2551633927,0.2496963071,0.09834599911,0.4291287386
7/27/2020 16:00:00,0.2713225968,0.2640903249,0.2592626336,0.1064918293,0.4548114434
7/28/2020 16:00:00,0.2795095514,0.2575500275,0.2577745384,0.1079322505,0.4252275683
7/29/2020 16:00:00,0.3071453281,0.2661327336,0.2656401846,0.1131475687,0.439206762
7/30/2020 16:00:00,0.303263251,0.2735680191,0.2726858601,0.1252173049,0.4304291287
7/31/2020 16:00:00,0.3082215474,0.2830457132,0.2743865403,0.1276511201,0.4518855657
8/3/2020 16:00:00,0.3169850482,0.2796263999,0.2826773567,0.132071723,0.4538361508
8/4/2020 16:00:00,0.3149863551,0.2807279236,0.282404033,0.1310783291,0.4704161248
8/5/2020 16:00:00,0.3141791905,0.3018175142,0.2885993683,0.1319723836,0.4593628088
8/6/2020 16:00:00,0.2970749894,0.3059023316,0.2817662779,0.1263100382,0.4736671001
8/7/2020 16:00:00,0.2642118615,0.2952772168,0.2622388241,0.1199026474,0.4626137841
8/10/2020 16:00:00,0.2459545682,0.2883467964,0.2517310496,0.1046540506,0.47236671
8/11/2020 16:00:00,0.2504131914,0.2814622728,0.2369108358,0.1087269657,0.4548114434
8/12/2020 16:00:00,0.2515278472,0.2919955939,0.2424684159,0.1139422838,0.4843953186
8/13/2020 16:00:00,0.2609063305,0.2959886176,0.2507592323,0.1138926141,0.3094928479
8/14/2020 16:00:00,0.2622900411,0.2903662567,0.2532495141,0.1121541747,0.3023407022
8/17/2020 16:00:00,0.2780105316,0.2980539747,0.2581086006,0.1192072716,0.2890117035
8/18/2020 16:00:00,0.2847753392,0.3056269506,0.2686771137,0.1199026474,0.2854356307
8/19/2020 16:00:00,0.2888111619,0.3141637599,0.2695578231,0.1160780808,0.2818595579
8/20/2020 16:00:00,0.3054925626,0.3211400771,0.2943391642,0.1211443898,0.2961638492
8/21/2020 16:00:00,0.3036860514,0.3138195337,0.2906948494,0.114240302,0.294213264
8/24/2020 16:00:00,0.3007264481,0.3086331926,0.2922740525,0.1101177172,0.2919375813
8/25/2020 16:00:00,0.3096436945,0.2946805581,0.2919399903,0.1147866687,0.2847854356
8/26/2020 16:00:00,0.3232501826,0.300302919,0.3052113703,0.1191079323,0.294213264
8/27/2020 16:00:00,0.3233270554,0.2817835506,0.3014455782,0.1182635474,0.2955136541
8/28/2020 16:00:00,0.3291309528,0.2801771617,0.3086431001,0.1178661898,0.2925877763
8/31/2020 16:00:00,0.3563823654,0.2864650266,0.3153547133,0.110962102,0.2932379714
9/1/2020 16:00:00,0.4254141523,0.2889664035,0.3640063168,0.1183132171,0.2870611183
9/2/2020 16:00:00,0.4191874544,0.2865797687,0.3614552964,0.1146376596,0.299739922
9/3/2020 16:00:00,0.3699119806,0.2515834404,0.3156887755,0.1008791536,0.2519505852
9/4/2020 16:00:00,0.3543067994,0.2365292822,0.2880223518,0.09362737794,0.2477243173
9/8/2020 16:00:00,0.3559980013,0.2325821553,0.2844691448,0.08453782347,0.2210663199
9/9/2020 16:00:00,0.3657992851,0.2428400955,0.2875668124,0.089852481,0.2252925878
9/10/2020 16:00:00,0.3702963447,0.2395355241,0.2827684645,0.08771668405,0.2070871261
9/11/2020 16:00:00,0.3584963678,0.2532586745,0.2702866861,0.09064719615,0.2171651495
9/14/2020 16:00:00,0.3670292501,0.2596612814,0.2751457726,0.09392539612,0.2330949285
9/15/2020 16:00:00,0.3783679902,0.2650541583,0.2828595724,0.1005811354,0.2405721717
9/16/2020 16:00:00,0.377214898,0.2622774004,0.2780612245,0.09924005364,0.2347204161
9/17/2020 16:00:00,0.3673367414,0.2497934643,0.2663690476,0.1002334476,0.2330949285
9/18/2020 16:00:00,0.3782911173,0.2501835873,0.2721088435,0.1052004172,0.2148894668
9/21/2020 16:00:00,0.40404351,0.2525013769,0.2898141399,0.1144389808,0.1898569571
9/22/2020 16:00:00,0.4215320752,0.2614283092,0.2991071429,0.1189589232,0.1989596879
9/23/2020 16:00:00,0.4058500211,0.2445153295,0.2918792517,0.1195052898,0.1651495449
9/24/2020 16:00:00,0.3877849099,0.2418992106,0.2886904762,0.1122535141,0.1511703511
9/25/2020 16:00:00,0.3973555752,0.2514228015,0.299957483,0.119803308,0.1706762029
9/28/2020 16:00:00,0.4013529615,0.2601431981,0.3004130224,0.1239755625,0.1927828349
9/29/2020 16:00:00,0.3972018296,0.2614053607,0.3066994655,0.1229324989,0.1905071521
9/30/2020 16:00:00,0.400930161,0.2574123371,0.3073068513,0.124869617,0.2012353706
10/1/2020 16:00:00,0.4222623669,0.2706765192,0.3182397959,0.1296875776,0.1820546164
10/2/2020 16:00:00,0.4107314448,0.258353222,0.3114370748,0.1282968261,0.1648244473
10/5/2020 16:00:00,0.4299880847,0.2664081146,0.3213374636,0.1338101624,0.1745773732
10/6/2020 16:00:00,0.4309489949,0.2631264916,0.3219448494,0.1306809715,0.1745773732
10/7/2020 16:00:00,0.4287965561,0.2716633009,0.3285349854,0.1363929866,0.2015604681
10/8/2020 16:00:00,0.422646731,0.2683357812,0.3284742468,0.1365419957,0.2142392718
10/9/2020 16:00:00,0.4249529154,0.2752432532,0.3415330418,0.1511448865,0.216189857
10/12/2020 16:00:00,0.4341392167,0.2765742611,0.3390731293,0.204092783,0.2327698309
10/13/2020 16:00:00,0.460429719,0.2799017808,0.3490038873,0.2176029404,0.2148894668
10/14/2020 16:00:00,0.4411730791,0.2834587847,0.3510386297,0.2263944767,0.2174902471
10/15/2020 16:00:00,0.4318330322,0.2736368643,0.3506741983,0.2128843193,0.2200910273
10/16/2020 16:00:00,0.4317561594,0.2611070314,0.3503097668,0.2104505041,0.2262678804
10/19/2020 16:00:00,0.4291424838,0.2518817698,0.3452077259,0.2103511648,0.1983094928
10/20/2020 16:00:00,0.4213783296,0.2448595557,0.3380102041,0.2043411315,0.1950585176
10/21/2020 16:00:00,0.3925510243,0.2369882504,0.3260143343,0.1940098346,0.1905071521
10/22/2020 16:00:00,0.3902448399,0.2410042225,0.3251943635,0.1981324194,0.1827048114
10/23/2020 16:00:00,0.3936272437,0.2385716908,0.3266217201,0.1981820891,0.1827048114
10/26/2020 16:00:00,0.3846331245,0.2272810721,0.3325437318,0.1928674316,0.1453185956
10/27/2020 16:00:00,0.3861705808,0.2270974849,0.3314504373,0.1989768043,0.1193107932
10/28/2020 16:00:00,0.378829227,0.2142234257,0.3175413022,0.1929171013,0.08159947984
10/29/2020 16:00:00,0.3626474997,0.2207407747,0.3129859086,0.1891422043,0.08094928479
10/30/2020 16:00:00,0.3491178845,0.2033458785,0.2923044218,0.1790592559,0.0877763329
11/2/2020 16:00:00,0.3515393781,0.2048604737,0.2882956754,0.1794566135,0.0877763329
11/3/2020 16:00:00,0.3607256794,0.2187901597,0.2889637998,0.1844235832,0.1131339402
11/4/2020 16:00:00,0.3970865204,0.2354507068,0.3214589407,0.19967218,0.1095578674
11/5/2020 16:00:00,0.4070799862,0.2561960712,0.3357932459,0.2090100829,0.1310143043
11/6/2020 16:00:00,0.418111235,0.2695290986,0.3357628766,0.2411463766,0.1407672302
11/9/2020 16:00:00,0.3595341507,0.2743482651,0.2711066569,0.2416430736,0.1625487646
11/10/2020 16:00:00,0.3478110466,0.2527538094,0.2680393586,0.2251030646,0.1794538362
11/11/2020 16:00:00,0.3764846062,0.2758858087,0.2915148202,0.2460636766,0.1992847854
11/12/2020 16:00:00,0.4008532882,0.2739581421,0.305393586,0.2395569463,0.1778283485
11/13/2020 16:00:00,0.3811738479,0.2894253718,0.2806729835,0.2376694978,0.266579974
11/16/2020 16:00:00,0.3788676635,0.3348632275,0.28553207,0.2414940645,0.3036410923
11/17/2020 16:00:00,0.4026982358,0.3697677621,0.2950072886,0.2485471614,0.2821846554
11/18/2020 16:00:00,0.4023138717,0.3409216082,0.291180758,0.2411960463,0.2639791938
11/19/2020 16:00:00,0.4256832071,0.3555626951,0.3007774538,0.2481994735,0.2591027308
11/20/2020 16:00:00,0.4332167429,0.365866532,0.3143525267,0.2514776735,0.2526007802
11/23/2020 16:00:00,0.440212169,0.3751147421,0.3144436346,0.2491928674,0.2743823147
11/24/2020 16:00:00,0.4475535227,0.3777079126,0.3088253158,0.2521730492,0.305916775
11/25/2020 16:00:00,0.4495137795,0.3779832936,0.3262876579,0.2685640491,0.3023407022
11/27/2020 13:00:00,0.4528577469,0.373439508,0.3347910593,0.2922564943,0.3088426528
11/30/2020 16:00:00,0.4622746666,0.3702496787,0.3530430029,0.2938459246,0.3192457737
12/1/2020 16:00:00,0.4400584233,0.3723379842,0.3406827017,0.2799880793,0.3361508453
12/2/2020 16:00:00,0.418303417,0.3686662383,0.3258321186,0.2780509611,0.3475292588
12/3/2020 16:00:00,0.4926778645,0.3764686984,0.4437257046,0.2891273034,0.3546814044
12/4/2020 16:00:00,0.5160087635,0.3940471819,0.4289662293,0.3051209457,0.3634590377
12/7/2020 16:00:00,0.5293077603,0.3908344043,0.4209487366,0.3280186758,0.3624837451
12/8/2020 16:00:00,0.5552907714,0.4076555902,0.4406584062,0.3359161576,0.3631339402
12/9/2020 16:00:00,0.5118191951,0.3891362218,0.4166666667,0.3049222669,0.3735370611
12/10/2020 16:00:00,0.5649383096,0.4022627134,0.4259293003,0.3383996424,0.3615084525
12/11/2020 16:00:00,0.5492946919,0.4069900863,0.4324890671,0.3302538121,0.3615084525
12/14/2020 16:00:00,0.5411461737,0.4169726455,0.4371659378,0.3253861819,0.3589076723
12/15/2020 16:00:00,0.5454894876,0.4242472921,0.4304543246,0.325535191,0.3745123537
12/16/2020 16:00:00,0.5641695814,0.4377409583,0.4389273567,0.3272736304,0.3745123537
12/17/2020 16:00:00,0.5851558596,0.4562603268,0.450255102,0.3273233001,0.377763329
12/18/2020 16:00:00,0.6562632125,0.5116348449,0.474914966,0.3372075697,0.3979193758
12/21/2020 16:00:00,0.6827843333,0.5127593171,0.4862730807,0.3491282968,0.3797139142
12/22/2020 16:00:00,0.7375562132,0.5495685699,0.5080174927,0.3508667362,0.3735370611
12/23/2020 16:00:00,0.7321751163,0.5329539196,0.5101129738,0.3277206576,0.3634590377
12/24/2020 13:00:00,0.7230272514,0.5382779512,0.5034317298,0.3430189242,0.3686605982
12/28/2020 16:00:00,0.6900872506,0.52528915,0.4855138484,0.3058659912,0.3810143043
12/29/2020 16:00:00,0.6646423492,0.5131723885,0.4808673469,0.3004023245,0.3719115735
12/30/2020 16:00:00,0.6814006227,0.5122315036,0.4914054908,0.3060150002,0.366710013
12/31/2020 16:00:00,0.6872813929,0.5113135671,0.4865464043,0.298365867,0.3754876463
1/4/2021 16:00:00,0.6437329438,0.5027538094,0.4755527211,0.2914121095,0.3498049415
1/5/2021 16:00:00,0.6850520813,0.4992885992,0.4676263362,0.2941439428,0.3504551365
1/6/2021 16:00:00,0.6758657801,0.4881127226,0.440111759,0.2848557095,0.3641092328
1/7/2021 16:00:00,0.7243725257,0.5290297411,0.4663204568,0.313415785,0.3823146944
1/8/2021 16:00:00,0.7330591536,0.5369239949,0.4794399903,0.3140614911,0.3855656697
1/11/2021 16:00:00,0.765768536,0.5329080228,0.4834791059,0.3008990215,0.3953185956
1/12/2021 16:00:00,0.7709574509,0.5459427208,0.5053449951,0.3074554214,0.4092977893
1/13/2021 16:00:00,0.7433985471,0.535202864,0.5089285714,0.3306015,0.3953185956
1/14/2021 16:00:00,0.7403236345,0.5291444832,0.5174016035,0.3208165698,0.3884915475
1/15/2021 16:00:00,0.7168389899,0.5330686616,0.5210155491,0.3076044305,0.3975942783
1/19/2021 16:00:00,0.726102164,0.5311868919,0.5238702624,0.3254358516,0.3897919376
1/20/2021 16:00:00,0.7430526194,0.5461033596,0.5322521866,0.3357174788,0.3946684005
1/21/2021 16:00:00,0.7225660145,0.5347897925,0.5288204568,0.3332836636,0.3871911573
1/22/2021 16:00:00,0.7322519891,0.5324949513,0.5401482021,0.3355188,0.3761378414
1/25/2021 16:00:00,0.7090748357,0.5236827612,0.5106899903,0.3320915909,0.3845903771
1/26/2021 16:00:00,0.6679863166,0.5087203965,0.4783163265,0.3035315154,0.3920676203
1/27/2021 16:00:00,0.6454241458,0.4649118781,0.485058309,0.2913127701,0.4063719116
1/28/2021 16:00:00,0.6898566322,0.5061042776,0.5064990282,0.3123230517,0.3946684005
1/29/2021 16:00:00,0.7025790829,0.5006655039,0.486516035,0.3016937367,0.3699609883
2/1/2021 16:00:00,0.6995426068,0.525013769,0.5010021866,0.3206675607,0.3966189857
2/2/2021 16:00:00,0.7173386632,0.5846796402,0.5381741983,0.3360154969,0.4105981795
2/3/2021 16:00:00,0.7114963293,0.5622360933,0.5164601555,0.3299061243,0.4086475943
2/4/2021 16:00:00,0.734135373,0.5735037635,0.5291848882,0.333383003,0.4567620286
2/5/2021 16:00:00,0.7322904255,0.5674453828,0.5383867833,0.3458997666,0.4837451235
2/8/2021 16:00:00,0.7277933659,0.5801817514,0.5356231778,0.3735657875,0.5117035111
2/9/2021 16:00:00,0.7330207172,0.5929640169,0.5481656948,0.3851388268,0.4973992198
2/10/2021 16:00:00,0.7623476957,0.59580962,0.5575498056,0.3724730542,0.4564369311
2/11/2021 16:00:00,0.7756082561,0.5932852947,0.5569424198,0.374310833,0.4674902471
2/12/2021 16:00:00,0.8036668332,0.6024876079,0.5678449951,0.3478368847,0.4580624187
2/16/2021 16:00:00,0.8048967982,0.5981733064,0.5591897473,0.3285650425,0.4327048114
2/17/2021 16:00:00,0.7900603452,0.6031760602,0.5628340622,0.3401380818,0.4242522757
2/18/2021 16:00:00,0.7927124572,0.5919542868,0.5584305151,0.3321412606,0.4271781534
2/19/2021 16:00:00,0.7925202752,0.6065724252,0.5664783771,0.3290617394,0.4057217165
2/22/2021 16:00:00,0.7411307991,0.5777721682,0.5282738095,0.3102369245,0.3975942783
2/23/2021 16:00:00,0.7125341123,0.5628786488,0.5071975219,0.3047732578,0.4001950585
2/24/2021 16:00:00,0.7056539955,0.5439462089,0.5111455296,0.3005513336,0.4076723017
2/25/2021 16:00:00,0.6751354883,0.5219845787,0.4746416424,0.2771569066,0.400520156
2/26/2021 16:00:00,0.703347811,0.5180145034,0.5027028669,0.2883325883,0.3793888166
3/1/2021 16:00:00,0.7317907522,0.5388516615,0.5182823129,0.3028858094,0.4135240572
3/2/2021 16:00:00,0.7267940193,0.509638333,0.4953534985,0.2959320519,0.400520156
3/3/2021 16:00:00,0.6826690241,0.484624564,0.4504676871,0.2727363036,0.3878413524
3/4/2021 16:00:00,0.6149056386,0.4659904535,0.4294217687,0.2552029007,0.3693107932
3/5/2021 16:00:00,0.5769689049,0.463902148,0.412627551,0.2538618189,0.4242522757
3/8/2021 16:00:00,0.5640158358,0.4564439141,0.3897594752,0.2277355585,0.4652145644
3/9/2021 16:00:00,0.6383902833,0.4815494768,0.4310313411,0.2657825461,0.4775682705
3/10/2021 16:00:00,0.6220932467,0.4638103543,0.4269011176,0.2710475339,0.4905721717
3/11/2021 16:00:00,0.6641426759,0.4860244171,0.4536260933,0.3014453882,0.5071521456
3/12/2021 16:00:00,0.6380059192,0.4818019093,0.4406887755,0.2999056276,0.5078023407
3/15/2021 16:00:00,0.6439635623,0.4858408298,0.4396562196,0.2941936125,0.5269830949
3/16/2021 16:00:00,0.6276665257,0.4759959611,0.4333090379,0.2886802762,0.5354356307
3/17/2021 16:00:00,0.6727139947,0.4689278502,0.4428753644,0.2925545125,0.5273081925
3/18/2021 16:00:00,0.6042203175,0.4244767762,0.4212524295,0.270699846,0.5071521456
3/19/2021 16:00:00,0.6212092094,0.4228703874,0.4314261419,0.2770078975,0.5130039012
3/22/2021 16:00:00,0.6254372141,0.4379933909,0.4346149174,0.282322555,0.555916775
3/23/2021 16:00:00,0.6057193374,0.4383605654,0.4357993197,0.2803854368,0.5464889467
3/24/2021 16:00:00,0.5711265711,0.4323939783,0.4118075802,0.2578353946,0.5347854356
3/25/2021 16:00:00,0.5617480878,0.4380851845,0.4049744898,0.2519743704,0.5627438231
3/26/2021 16:00:00,0.556097936,0.4294336332,0.3956511176,0.2565439825,0.6297139142
3/29/2021 16:00:00,0.5413383557,0.4306269506,0.3834122935,0.2469080614,0.6280884265
3/30/2021 16:00:00,0.5468347619,0.4255324032,0.3835337707,0.2477524462,0.6037061118
3/31/2021 16:00:00,0.5746242841,0.43482651,0.4013909135,0.2699051309,0.6017555267
4/1/2021 16:00:00,0.5919975401,0.4485726088,0.4138423226,0.2775045944,0.6105331599
4/5/2021 16:00:00,0.5904216474,0.4554112355,0.4120809038,0.2744250733,0.6245123537
4/6/2021 16:00:00,0.6202482992,0.4699834771,0.4331268222,0.2795907217,0.6121586476
4/7/2021 16:00:00,0.6185186609,0.4727143382,0.4267492711,0.2688620673,0.6037061118
4/8/2021 16:00:00,0.6551101203,0.483454195,0.4424501944,0.2803357671,0.6082574772
4/9/2021 16:00:00,0.652150517,0.4978199009,0.441994655,0.2729846521,0.6141092328
4/12/2021 16:00:00,0.6571856863,0.5112447219,0.4521379981,0.267272637,0.5972041612
4/13/2021 16:00:00,0.7046930853,0.5216633009,0.4772534014,0.3064123578,0.600130039
4/14/2021 16:00:00,0.6733674136,0.5241417294,0.4643160836,0.2913127701,0.5907022107
4/15/2021 16:00:00,0.692201253,0.5457132366,0.4750364431,0.3087965033,0.599479844
4/16/2021 16:00:00,0.7002728985,0.537153479,0.4646197765,0.2896736701,0.6371911573
4/19/2021 16:00:00,0.693239036,0.5378648798,0.4599125364,0.2850047186,0.638816645
4/20/2021 16:00:00,0.6672175885,0.521892785,0.4451530612,0.2804847762,0.6043563069
4/21/2021 16:00:00,0.6817081139,0.5141132734,0.4452745384,0.2873888641,0.6089076723
4/22/2021 16:00:00,0.7061536688,0.5053928768,0.457148931,0.295584364,0.5949284785
4/23/2021 16:00:00,0.7160318253,0.5182669359,0.4578474247,0.3317935727,0.6082574772
4/26/2021 16:00:00,0.7359034477,0.5252662016,0.4773748785,0.3419261908,0.599479844
4/27/2021 16:00:00,0.7235269247,0.5184046264,0.4750668124,0.3531018725,0.5907022107
4/28/2021 16:00:00,0.7196448476,0.5222599596,0.4735179786,0.3488799483,0.5822496749
4/29/2021 16:00:00,0.6861667371,0.5107628052,0.4487973761,0.3425718969,0.5936280884
4/30/2021 16:00:00,0.6745589422,0.5067238847,0.4498906706,0.3418268514,0.5757477243
5/3/2021 16:00:00,0.6615290003,0.4968331191,0.4284803207,0.3384493121,0.5842002601
5/4/2021 16:00:00,0.633355114,0.4888470718,0.4129616132,0.3192271395,0.5692457737
5/5/2021 16:00:00,0.6158665488,0.4787038737,0.4033041788,0.313415785,0.58289987
5/6/2021 16:00:00,0.5921512857,0.4701211676,0.38827138,0.263994437,0.6254876463
5/7/2021 16:00:00,0.6002613676,0.4813658895,0.3942541302,0.2766602096,0.6576723017
5/10/2021 16:00:00,0.5941115425,0.4790710483,0.3834730321,0.2630010431,0.6488946684
5/11/2021 16:00:00,0.6230157205,0.4838672664,0.398414723,0.2750211096,0.6381664499
5/12/2021 16:00:00,0.6006072952,0.4647282908,0.378340622,0.2670739582,0.5981794538
5/13/2021 16:00:00,0.579428835,0.439003121,0.3687439261,0.2519743704,0.6271131339
5/14/2021 16:00:00,0.605873083,0.4686983661,0.3821671526,0.280037749,0.6404421326
5/17/2021 16:00:00,0.5977630011,0.4663576281,0.3759110787,0.2733820096,0.6417425228
5/18/2021 16:00:00,0.6294730369,0.4762024968,0.3856899903,0.280683455,0.6414174252
5/19/2021 16:00:00,0.6368912634,0.465852763,0.3805575802,0.2725376248,0.6264629389
5/20/2021 16:00:00,0.6573394319,0.4819395998,0.3985362002,0.2909650822,0.638816645
5/21/2021 16:00:00,0.6825921513,0.527515146,0.3965621963,0.2924551731,0.6251625488
5/24/2021 16:00:00,0.6970058039,0.5322654672,0.4096817298,0.3127204093,0.6563719116
5/25/2021 16:00:00,0.6912787793,0.5335505783,0.4046404276,0.3162469577,0.6537711313
5/26/2021 16:00:00,0.7185686282,0.5397237011,0.4698129252,0.3176873789,0.6407672302
5/27/2021 16:00:00,0.7295230042,0.5385533321,0.4699951409,0.3322406,0.6410923277
5/28/2021 16:00:00,0.7269862013,0.5293510189,0.4698129252,0.3285153728,0.6404421326
6/1/2021 16:00:00,0.7266787101,0.5226959794,0.4624331876,0.3335320121,0.6313394018
6/2/2021 16:00:00,0.7209516854,0.516545805,0.4611273081,0.3374559181,0.6423927178
6/3/2021 16:00:00,0.703347811,0.5015375436,0.439595481,0.327819997,0.6544213264
6/4/2021 16:00:00,0.6685244263,0.5158114558,0.4443027211,0.3335816818,0.6784785436
6/7/2021 16:00:00,0.701080063,0.5135625115,0.4653486395,0.3472905181,0.6736020806
6/8/2021 16:00:00,0.70004228,0.5066091426,0.4711795432,0.3668603785,0.6804291287
6/9/2021 16:00:00,0.6954683476,0.5044290435,0.4752490282,0.3685988179,0.6768530559
6/10/2021 16:00:00,0.7517776838,0.527515146,0.5023384354,0.3851884965,0.7096879064
6/11/2021 16:00:00,0.7620402045,0.5352946576,0.5110847911,0.3878209904,0.7012353706
6/14/2021 16:00:00,0.7707268325,0.5392188361,0.5221392128,0.3959668206,0.6817295189
6/15/2021 16:00:00,0.7507783372,0.5238204516,0.5098700194,0.3848408086,0.6693758127
6/16/2021 16:00:00,0.7731867625,0.5299247292,0.5246902332,0.3915958873,0.6589726918
6/17/2021 16:00:00,0.8006303571,0.5495915183,0.5334062196,0.4210500174,0.6479193758
6/18/2021 16:00:00,0.8144674636,0.5487653754,0.5439139942,0.4259673173,0.6134590377
6/21/2021 16:00:00,0.7866779413,0.5469983477,0.5372631195,0.4229871355,0.6495448635
6/22/2021 16:00:00,0.8594380597,0.5342849275,0.5469812925,0.4303879203,0.6521456437
6/23/2021 16:00:00,0.8451781527,0.5411465027,0.5447035957,0.4361992748,0.6358907672
6/24/2021 16:00:00,0.8482530653,0.5508077841,0.5470724004,0.4403218596,0.6365409623
6/25/2021 16:00:00,0.8464849906,0.5576234625,0.5446428571,0.4416629414,0.6456436931
6/28/2021 16:00:00,0.8535957259,0.5642785019,0.5520225948,0.447623305,0.6423927178
6/29/2021 16:00:00,0.8613983165,0.5578529466,0.5525388727,0.4553717777,0.6407672302
6/30/2021 16:00:00,0.839066764,0.5472507802,0.5362001944,0.4466299111,0.6436931079
7/1/2021 16:00:00,0.8384902179,0.5464246374,0.5290937804,0.4394278051,0.6579973992
7/2/2021 16:00:00,0.8439866241,0.5513126492,0.5323129252,0.4475239656,0.6612483745
7/6/2021 16:00:00,0.8916093324,0.5950982192,0.5633503401,0.4619778473,0.6430429129
7/7/2021 16:00:00,0.9013721797,0.5838305489,0.5721574344,0.4590970049,0.6521456437
7/8/2021 16:00:00,0.8854979437,0.5827290252,0.5699404762,0.4612328019,0.6521456437
7/9/2021 16:00:00,0.8895337664,0.5912887828,0.5718233722,0.4621765261,0.6677503251
7/12/2021 16:00:00,0.8793481185,0.5873646044,0.5723700194,0.4537823474,0.6511703511
7/13/2021 16:00:00,0.8769266249,0.5861483385,0.5699708455,0.4499577808,0.6540962289
7/14/2021 16:00:00,0.8502901949,0.5822471085,0.5618622449,0.4393781354,0.6791287386
7/15/2021 16:00:00,0.8313410462,0.5857811639,0.5460702138,0.4308846173,0.6648244473
7/16/2021 16:00:00,0.8338778491,0.5868367909,0.5516885326,0.4308349476,0.666449935
7/19/2021 16:00:00,0.835569051,0.5894529099,0.5573068513,0.4450404808,0.6456436931
7/20/2021 16:00:00,0.8426413499,0.6159583257,0.5758321186,0.4557691353,0.6625487646
7/21/2021 16:00:00,0.8476765192,0.5949146319,0.5817541302,0.4649083594,0.6723016905
7/22/2021 16:00:00,0.8841526694,0.6099228933,0.5955114189,0.4860179804,0.6937581274
7/23/2021 16:00:00,0.9069070223,0.6174040756,0.6050170068,0.5032533651,0.716189857
7/26/2021 16:00:00,0.8910327863,0.6113686433,0.5922619048,0.5007202106,0.7239921977
7/27/2021 16:00:00,0.8641657378,0.6079722783,0.5877368805,0.4944618288,0.7178153446
7/28/2021 16:00:00,0.8862282354,0.6124472187,0.5993075802,0.5157204589,0.7012353706
7/29/2021 16:00:00,0.8725833109,0.6113915917,0.5998845967,0.5188993195,0.7109882965
7/30/2021 16:00:00,0.8479071376,0.6115063338,0.5964832362,0.5101574529,0.7207412224
8/2/2021 16:00:00,0.8490602298,0.6144207821,0.6059888241,0.5099587742,0.7233420026
8/3/2021 16:00:00,0.8507129953,0.6098540481,0.6182276482,0.5148264044,0.7493498049
8/4/2021 16:00:00,0.888649729,0.6213282541,0.6329871234,0.5169622014,0.7311443433
8/5/2021 16:00:00,0.8940692624,0.6220396549,0.6321975219,0.5242139771,0.733420026
8/6/2021 16:00:00,0.8753122958,0.582384799,0.6151299806,0.5111011772,0.727893368
8/9/2021 16:00:00,0.8861513626,0.5872498623,0.6242103984,0.5339989073,0.7239921977
8/10/2021 16:00:00,0.8442941154,0.5609050854,0.6104227405,0.5441315254,0.7285435631
8/11/2021 16:00:00,0.7951339509,0.5344685148,0.6018282313,0.5120449014,0.7366710013
8/12/2021 16:00:00,0.8179651766,0.5425463558,0.6178328474,0.5280385437,0.7539011704
8/13/2021 16:00:00,0.8102778952,0.5541123554,0.6245444606,0.5256543983,0.7565019506
8/16/2021 16:00:00,0.7752623285,0.5455755462,0.6193209427,0.5188496498,0.7503250975
8/17/2021 16:00:00,0.7679209747,0.5351340187,0.6133685617,0.5161674862,0.7415474642
8/18/2021 16:00:00,0.7716877426,0.5273086102,0.6166180758,0.5017136045,0.7135890767
8/19/2021 16:00:00,0.7762232387,0.5285478245,0.6237244898,0.5077733075,0.7825097529
8/20/2021 16:00:00,0.7874466695,0.5390123003,0.628340622,0.5167635226,0.8133940182
8/23/2021 16:00:00,0.8178883038,0.5507389389,0.6417334791,0.5377241345,0.8237971391
8/24/2021 16:00:00,0.8941076988,0.7097714338,0.6634778912,0.5369294194,0.8491547464
8/25/2021 16:00:00,0.9109044087,0.7216587112,0.6788447522,0.533055183,0.850130039
8/26/2021 16:00:00,0.9446131376,0.7455021113,0.6908102527,0.521432474,0.8452535761
8/27/2021 16:00:00,0.9582196256,0.7543143015,0.7113398931,0.534694283,0.8394018205
8/30/2021 16:00:00,0.9738248069,0.7486460437,0.7248238581,0.5339492376,0.8429778934
8/31/2021 16:00:00,0.9531844563,0.7537635396,0.7253401361,0.5206377589,0.8394018205
9/1/2021 16:00:00,0.9107890994,0.7520653571,0.7203899417,0.5510356132,0.8400520156
9/2/2021 16:00:00,0.9211669293,0.7572287498,0.7370626822,0.5597278101,0.8559817945
9/3/2021 16:00:00,0.9425375716,0.7702404994,0.7528547133,0.5688173645,0.8524057217
9/7/2021 16:00:00,0.9096744436,0.7574352855,0.7391885326,0.572989619,0.8348504551
9/8/2021 16:00:00,0.8925702425,0.7645263448,0.7323858115,0.5575920131,0.8283485046
9/9/2021 16:00:00,0.8923011877,0.7662933725,0.7310495627,0.5566482889,0.8257477243
9/10/2021 16:00:00,0.8801552831,0.7740958326,0.7019557823,0.5541151344,0.8026657997
9/13/2021 16:00:00,0.8495214667,0.7883697448,0.693452381,0.5403069587,0.8094928479
9/14/2021 16:00:00,0.8620901718,0.8083578116,0.7176263362,0.5505389162,0.8020156047
9/15/2021 16:00:00,0.8708152362,0.7971360382,0.7104591837,0.5594297919,0.7919375813
9/16/2021 16:00:00,0.8906868586,0.8084725537,0.7133442663,0.583966622,0.7844603381
9/17/2021 16:00:00,0.8843448514,0.7889434551,0.7172011662,0.5736353251,0.7688556567
9/20/2021 16:00:00,0.8630895184,0.7843996695,0.6999514091,0.5526747132,0.7376462939
9/21/2021 16:00:00,0.849828958,0.7812786855,0.7070881924,0.5686186857,0.7171651495
9/22/2021 16:00:00,0.871929892,0.7880255186,0.7233965015,0.6012516764,0.7256176853
9/23/2021 16:00:00,0.8812699389,0.8045024784,0.7304421769,0.5947946158,0.7636540962
9/24/2021 16:00:00,0.8791943729,0.821300716,0.730351069,0.568420007,0.7649544863
9/27/2021 16:00:00,0.8468693547,0.8111345695,0.708302964,0.5309193861,0.7483745124
9/28/2021 16:00:00,0.8027443595,0.7888975583,0.6658163265,0.4825907714,0.7256176853
9/29/2021 16:00:00,0.7939424223,0.7813704792,0.6662414966,0.4789152138,0.7243172952
9/30/2021 16:00:00,0.817811431,0.7949788875,0.6763848397,0.4804549744,0.6901820546
10/1/2021 16:00:00,0.831225737,0.8122131449,0.679239553,0.4920280137,0.7132639792
10/4/2021 16:00:00,0.7912903102,0.7732696897,0.6449222546,0.4957532409,0.683680104
10/5/2021 16:00:00,0.8145059,0.787153479,0.6650874636,0.5447275617,0.6986345904
10/6/2021 16:00:00,0.8271130415,0.8113411052,0.6825498056,0.5837182735,0.6742522757
10/7/2021 16:00:00,0.8335703578,0.8286671562,0.6996477162,0.6010033279,0.7093628088
10/8/2021 16:00:00,0.8148133912,0.8266247476,0.6898688047,0.6146128247,0.711313394
10/11/2021 16:00:00,0.8123534612,0.8427345328,0.6930272109,0.6375105548,0.7064369311
10/12/2021 16:00:00,0.8445631702,0.8551955205,0.72345724,0.6706402424,0.6853055917
10/13/2021 16:00:00,0.9125956106,0.8534743896,0.7505466472,0.7128098147,0.6963589077
10/14/2021 16:00:00,0.9340046892,0.8500091794,0.7725643829,0.7418665872,0.7298439532
10/15/2021 16:00:00,0.9228581312,0.861185056,0.7689504373,0.7538369841,0.716840052
10/18/2021 16:00:00,0.9699042933,0.8779832936,0.7950983965,0.8188049471,0.7148894668
10/19/2021 16:00:00,0.9583733713,0.8718331191,0.7851372692,0.7796652262,0.7327698309
10/20/2021 16:00:00,0.9621401391,0.8705250597,0.7840439747,0.7923806686,0.7477243173
10/21/2021 16:00:00,0.9650997425,0.8615292822,0.8084001458,0.8249143198,0.7311443433
10/22/2021 16:00:00,0.9623707576,0.8526482467,0.8150206511,0.8216857895,0.7122886866
10/25/2021 16:00:00,0.9497251797,0.8380530567,0.8251336249,0.8617195649,0.7132639792
10/26/2021 16:00:00,0.9765537918,0.8123049385,0.8376457726,0.8416033378,0.7350455137
10/27/2021 16:00:00,0.9454971749,0.8267853865,0.8217930029,0.8082749714,0.7470741222
10/28/2021 16:00:00,0.9538378752,0.8394758583,0.8407434402,0.8350966076,0.7490247074
10/29/2021 16:00:00,0.9562593689,0.8640306591,0.8483965015,0.8880941737,0.7402470741
11/1/2021 16:00:00,0.9077141869,0.8622406829,0.8478498542,0.8858093677,0.744473342
11/2/2021 16:00:00,0.9036783641,0.8625849091,0.8696853741,0.8764217951,0.7938881664
11/3/2021 16:00:00,0.9134027751,0.8407839178,0.8746355685,0.8887398798,0.794863459
11/4/2021 16:00:00,0.9478802322,0.8290113824,0.8879980564,0.9197337704,0.77763329
11/5/2021 16:00:00,0.9240880962,0.8288966404,0.9080114189,0.9007102767,0.7760078023
11/8/2021 16:00:00,0.9606026829,0.8828713053,0.9434827502,0.96398947,0.7737321196
11/9/2021 16:00:00,1,0.8714429961,0.9508928571,0.9371678339,0.7880364109
11/10/2021 16:00:00,0.9553368951,0.8413117312,0.9038204568,0.8912730343,0.7987646294
11/11/2021 16:00:00,0.9528769651,0.8612539012,0.9235908649,0.895743307,0.7659297789
11/12/2021 16:00:00,0.9658684706,0.878006242,0.9401421283,0.937962549,0.7678803641
11/15/2021 16:00:00,0.8499827036,0.8846153846,0.9302113703,0.9471017732,0.7825097529
11/16/2021 16:00:00,0.8821155398,0.9008628603,0.9543549563,0.9747677942,0.7737321196
11/17/2021 16:00:00,0.9100588077,0.8747475675,0.9611880466,0.9729300154,0.7659297789
11/18/2021 16:00:00,0.8906099858,0.8890444281,0.9904944121,1,0.6641742523
11/19/2021 16:00:00,0.8633585732,0.9127960345,1,0.9691551185,0.6518205462
11/22/2021 16:00:00,0.7942114771,0.9348724068,0.9243197279,0.8470173347,0.6957087126
11/23/2021 16:00:00,0.7593880924,0.9189462089,0.9007835277,0.8380767894,0.7184655397
11/24/2021 16:00:00,0.7601183841,0.9572700569,0.9200983965,0.9013559827,0.7262678804
11/26/2021 13:00:00,0.7673059922,0.919451074,0.9031827017,0.9149158099,0.6979843953
11/29/2021 16:00:00,0.7362878118,0.9606205251,0.9609450923,0.8700640739,0.733420026
11/30/2021 16:00:00,0.7077295614,0.9508903984,0.9337645773,0.8559082104,0.7035110533
12/1/2021 16:00:00,0.6476150209,0.9077932807,0.8464224976,0.7365519297,0.7096879064
12/2/2021 16:00:00,0.6777876004,0.9241784469,0.8882106414,0.7472805841,0.7460988296
12/3/2021 16:00:00,0.6305108198,0.89104094,0.8316630224,0.7141012268,0.7486996099
12/6/2021 16:00:00,0.6215167006,0.8459702589,0.7132531584,0.654497591,0.7724317295
12/7/2021 16:00:00,0.6584540877,0.8969386818,0.7843172983,0.6970148512,0.8088426528
12/8/2021 16:00:00,0.6771341815,0.9134615385,0.8269861516,0.7178264541,0.7743823147
12/9/2021 16:00:00,0.6467309836,0.9063475308,0.8003522838,0.6669646848,0.7916124837
12/10/2021 16:00:00,0.6364684629,0.9162612447,0.8085823615,0.6186857398,0.8468790637
12/13/2021 16:00:00,0.6367759542,0.9233064072,0.8170553936,0.6412854517,0.8260728218
12/14/2021 16:00:00,0.6368912634,0.8718560676,0.7435617104,0.5765658372,0.7987646294
12/15/2021 16:00:00,0.6830149518,0.9356297044,0.8131073858,0.6115829732,0.8689856957
12/16/2021 16:00:00,0.6429257793,0.8975812374,0.7766946064,0.5759201311,0.8813394018
12/17/2021 16:00:00,0.6614521275,0.9123370663,0.8059098639,0.5894302886,0.8862158648
12/20/2021 16:00:00,0.6660260599,0.9110749036,0.809159378,0.5760194705,0.8829648895
12/21/2021 16:00:00,0.6814774955,0.9295254268,0.8500971817,0.6378582427,0.9047464239
12/22/2021 16:00:00,0.6710612292,0.9688360565,0.857962828,0.6004569612,0.9210013004
12/23/2021 16:00:00,0.6861283007,0.9849458417,0.8609693878,0.6027417672,0.9453836151
12/27/2021 16:00:00,0.6789022562,1,0.881893829,0.6110366066,0.9824447334
12/28/2021 16:00:00,0.6696390821,0.9916697265,0.86601069,0.581185119,0.9860208062
12/29/2021 16:00:00,0.6682553715,0.9891224527,0.861516035,0.5830228977,1
12/30/2021 16:00:00,0.6762501441,0.9841196989,0.865798105,0.5825262008,0.988946684
12/31/2021 16:00:00,0.6601068532,0.9734257389,0.8558977162,0.5740823524,0.9808192458
1/3/2022 16:00:00,0.6354306799,0.9446254819,0.7966775996,0.5475587344,0.9739921977
1/4/2022 16:00:00,0.600299804,0.8982467413,0.7351797862,0.4919286743,0.9118985696
1/5/2022 16:00:00,0.5622477611,0.8543234808,0.6767189018,0.4471762778,0.8803641092
1/6/2022 16:00:00,0.5937656148,0.9186937764,0.6702806122,0.4376893657,0.9011703511
1/7/2022 16:00:00,0.5995310758,0.9016660547,0.6742893586,0.4523915959,0.9079973992
1/10/2022 16:00:00,0.6130222547,0.8950569121,0.7171707969,0.4710177321,0.9304291287
1/11/2022 16:00:00,0.6268977976,0.9029511658,0.7228802235,0.4878557592,0.9483094928
1/12/2022 16:00:00,0.5956105623,0.9166513677,0.7120991254,0.4870113744,0.9401820546
1/13/2022 16:00:00,0.5453741784,0.8399577749,0.6407009232,0.4125564993,0.9200260078
1/14/2022 16:00:00,0.5522927317,0.8411281439,0.6536686103,0.4190632295,0.9154746424
1/18/2022 16:00:00,0.537494715,0.8486093262,0.6672133139,0.3859832116,0.8624837451
1/19/2022 16:00:00,0.5484875274,0.8881723885,0.6487184159,0.3894104207,0.8355006502
1/20/2022 16:00:00,0.5414921013,0.8883100789,0.641308309,0.3848904783,0.8088426528
1/21/2022 16:00:00,0.5062843525,0.8056040022,0.6147959184,0.3607510058,0.7633289987
1/24/2022 16:00:00,0.5160471999,0.852831834,0.618622449,0.3842447723,0.7704811443
1/25/2022 16:00:00,0.4826843987,0.786878098,0.5751336249,0.3420255302,0.7447984395
1/26/2022 16:00:00,0.4917169543,0.7886451258,0.5689686589,0.3186311032,0.7194408322
1/27/2022 16:00:00,0.4873736403,0.8092527997,0.5575194363,0.319972185,0.6963589077
1/28/2022 16:00:00,0.5223123342,0.8343813108,0.6049562682,0.3390453484,0.7285435631
1/31/2022 16:00:00,0.567436676,0.8831007894,0.6608661322,0.3997417176,0.7304941482